Peptide.Seq	b14_27	b14_01	b14_02	b14_10	b14_20	b14_21	b14_24
AAAAEYLDTYADGSK	13130.1	5653.72	NA	9874.02	28732.5	16715.5	10276.2
AAADLLVLAYHR	9199.68	NA	NA	14232.6	64812.1	NA	26480.6
AAAIYAEAIYELIK	NA	NA	NA	NA	5453.86	NA	NA
AAANYLDIPLYR	56301.3	30161.8	21936.6	12960.9	13170.2	6703.85	52100.8
AACAGEVNGEVVDLR	NA	8886.43	NA	26290.3	10830	3528.23	4847.62
AADAAAAIGEGLQAFCIPGSVADQRK	NA	10943.3	NA	5588.19	6004.88	NA	11625.6
AADDAAGLAISEK	50118.8	163307	NA	31446.8	NA	NA	69024.1
AADDAAGLSISEK	928651	360744	103161	460731	386862	566641	580773
AADKPFLMPVEDVMTISGR	155889.51	784205.7	269421.6	527224.2	221282.7	32964	242896.8
AAGIENFIHVR	22476.2	45849.3	18371.1	12924	NA	17378.5	27083.2
AAGNNGLWEVTVALK	NA	NA	8709.38	21255.3	NA	68518.6	79451.1
AAINNGYDMDIK	19390.8	10308.4	23858.1	10242.4	10921.4	NA	16524.6
AALPAIFNPEDLNALEQALR	2991.25	52260.9	77171.7	6237.91	30436.23	15552.57	16169.19
AALVTMSTCAVPSGGSK	13712.7	NA	NA	NA	80568.5	NA	19042.1
AAMAGFADVPGTEIIVFYPK	NA	NA	NA	NA	7731.01	NA	NA
AANGVILITTK	233628	661057	351862	90805.3	NA	81822.3	188397
AAVDMALWDLLGQK	NA	NA	NA	3740.91	NA	NA	4225.84
AAVESGSAAASR	213211	289499	80926.3	373912	224058	41745.3	99134.2
AAYEEAEHAAK	653359	758760	796093	762092	782604	445698	718675
ACCCSDSFSCEYTR	6166.19	9288.17	9805.9	10768.9	9537.13	NA	9188.65
ACFVLDAIR	416427	887132	674004	1456340	483265	362839	537955
ADGVGLAAPQIGLPIR	5703.09	NA	NA	NA	NA	NA	3712.25
ADHANTMNQLFAAYAR	NA	NA	NA	8106.65	8900.43	NA	NA
ADIDYGFAEADTTYGK	301762	322323	343487	435334	326699	172075	246367
ADLKDVDDSDLGLK	100801.7	126831	435493.5	94429.6	173465.9	NA	103426.9
ADLPFLMPVEDVFTITGR	NA	116398	NA	NA	5130.97	NA	6387.12
ADMTQAVLEGVAFGLR	NA	24113.49	4370.83	32109.67	15008.7	NA	5305.58
ADVDDIDHLSNRR	8560.27	51980	16894	NA	28534.6	3052.42	9551.83
AEAIQAAVDKVNEMLK	NA	NA	NA	52938.25	NA	NA	13145.88
AEDRELFK	NA	NA	NA	NA	13683.5	NA	NA
AEELNILIGSDAVDDEEVKEAVK	NA	NA	NA	NA	7256.61	NA	10904.2
AEEQGFEVFTAAEAAK	86878.3	30740.3	18696	66516	19182.5	NA	87341.2
AEIDGDMGDSHVGLQAR	NA	NA	15127.4	9544.82	10285.4	NA	NA
AEIDQLTSEIDR	NA	22458.6	NA	41072	NA	NA	NA
AEIGDHDENISFEQSIDHLEK	NA	10304.2	NA	9084.4	NA	NA	5636.53
AEIGDHDENISFEQSVDHLEK	NA	5222.69	NA	6663.8	8410.94	NA	3881.25
AEIGDHDENISYEQSIAHLEK	7727.17	38711.82	9582.95	55095.8	40757.2	20103.7	18523.26
AELDFVEAK	76505.7	60282.2	NA	255738	75859.2	39478.8	47354.5
AEVLQLELLKPK	NA	NA	9133.14	2798.75	3675.71	5992.95	9024.49
AEYTAFENIDKAPEER	NA	NA	74041.29	NA	NA	NA	NA
AFAEQLVNLTVK	294055	854628	152817	311657	213148	577014	806473
AFATNFNPEINIR	87668.2	87113.9	136562	35596.8	87202.5	5267.47	26907.8
AFKDNAVELEER	NA	9223.54	NA	NA	85484.3	NA	10325.7
AFNVQFVDKNNK	NA	5085.79	NA	NA	NA	NA	NA
AFSFSPQVLVEK	30664.1	167007	191047	36511.5	114965	31935.6	42351.1
AFTAQIIINHVQAR	NA	NA	NA	17571.1	NA	NA	NA
AFYPVETLIK	NA	NA	NA	21607.5	23234.4	15747.7	10125.6
AGADLLVLAYHR	NA	26535.27	6689.85	15634.48	48935.1	29540.57	23289.35
AGGVLSYGIPEFR	23457.6	NA	NA	NA	NA	8086.54	NA
AGHYAVGQFNINNLEWTK	215776.9	528819.3	95386.95	762185.3	322313.2	201268.1	272601.3
AGIIHTSIGK	112392	722971	511159	49647	334330	NA	47360.8
AGLSANQIGVSLR	NA	NA	13197.7	11389.9	9986.94	7204.88	9318.52
AGMQDSECIVAVNK	2691.05	NA	NA	2580.5	NA	2138.21	2335.75
AGQINEETEYVLNR	NA	NA	NA	4917.06	NA	NA	NA
AGSDDKYQVVK	10944.3	NA	NA	NA	NA	8793.4	9575.7
AGTYPNQDQDVNTSAIK	NA	4490.23	15220.9	NA	NA	NA	NA
AHAEDINYDVAK	NA	8417.47	NA	34078.8	5890.96	3320.84	NA
AHCFFHQVEALYVDK	NA	12786.3	NA	NA	NA	NA	NA
AHCFFHQVEGLYVDK	NA	45084.35	41958.56	3664.87	21550.55	NA	NA
AHFRPEFINR	NA	38129.1	47017.4	42935.3	56234	30722.1	25774.6
AHLLFTDLER	14048.8	532865	69635.9	53570.8	276644	27555.8	46118.1
AHLNNLFFDPR	NA	NA	4163.27	NA	NA	NA	6505.19
AHPDVFNTLLQVLDDGR	NA	13431.4	107914.5	NA	8716.46	NA	NA
AHPDVFNVLLQVLDDGR	NA	60398.47	59155.01	32798.2	82186.8	10666.18	30407.1
AHPDWNVKPEIMIPLVGDIK	NA	50555.3	14559.32	52411.45	82291.47	12829.52	27361.33
AHPDWTIKPEIMIPLVGDVK	NA	5026.65	NA	37070.5	3712.92	1418.63	NA
AHPDWTVKPEIMIPLVCEVK	8031.31	11009.8	NA	NA	NA	NA	NA
AHSIAAQGGINAAK	17888.7	16089.5	6792.86	9071.95	13194	5895.85	7129.42
AIAEAEAYPGPSLIIAYAPCINHGIK	NA	70841.4	23644.7	131652	88184.1	53701.2	48273.9
AIAEAEAYPGPSLIIAYAPCINHGIKK	NA	14381.4	NA	17723.8	13195.7	6210.76	10104.4
AIAMLPQFFEIADLADR	NA	NA	NA	5814.14	3815.63	NA	2818.42
AIASHALSIFGDHSDVYACR	5812.28	54430.4	11409.44	31868.4	57110.3	34870.3	17374.9
AIDSMIPIGR	267545	205118	113443	188437	174606	27856.8	184297
AIEAAGLPVVHMCTVTPISMTVGANR	NA	10964.9	NA	3605.71	5504.47	NA	1985.84
AIEDSPIESVEIR	27975.7	24854.6	17064.3	NA	11982.4	NA	NA
AIEIVHTLGR	NA	NA	74975.6	12342.1	17778	NA	12955.7
AIGDQLTCIFVDHGLLR	NA	NA	6477.88	NA	NA	NA	NA
AIGIIINNPEFADVR	110483	311306	209172	139401	363885	NA	183646
AIGNQLTCVFVDHGLLR	NA	NA	12025.6	7725.97	4253.07	4597.03	7469.52
AIIASLHEFNPMMGHR	20584.2	12301.5	NA	101022	NA	3489.73	NA
AIIDSLHEFNPMMGHR	45200.18	145329.86	29472.26	122020.88	159772.11	76974.09	100674.5
AILASDMLNYQIK	NA	NA	NA	14196.3	25518.1	NA	9850.57
AIMDASPIHVSIAGR	NA	NA	NA	1840.65	2182.07	NA	NA
AINPEAGFFGVAPGTSYK	19823.4	NA	NA	10906.6	64427.1	8626.98	12229.7
AIQNAYLQGVYEGLAK	17931.9	8408.24	6971.91	14366.7	11130.5	NA	19988.2
AIVSPSILSADFGK	NA	8145.95	8604.56	NA	16029.6	NA	NA
AKDDYRPFVWQR	NA	NA	22244.7	NA	NA	NA	16102.4
AKIDYNLLK	53461.9	80136	27464.1	151690	70650.6	75033.3	50180.3
AKQPTPAFITSTLQQEASR	NA	NA	NA	NA	6266.81	NA	NA
ALADEELPVYGNGENVR	NA	NA	NA	NA	10655.5	8719.69	NA
ALAMENLEASADEQK	NA	97279.94	23547.4	379968.1	86013.3	34060.84	16928.1
ALASHALSIFGDHSDVMACR	5249.62	61637.36	11721.39	148158.7	62724.3	13335.86	8422.66
ALCLHIAHDCNLACR	NA	15185	12256.2	10714.4	12879.2	4801.91	7168.38
ALCPDMAIIAPWR	18140.3	NA	NA	NA	11705.4	NA	NA
ALELHPGDDPK	NA	17867.5	NA	11144	NA	NA	NA
ALFMPNGNWVIGEMADAPR	3709.68	55832.9	NA	7896.48	NA	NA	13422.44
ALFMPNGTWIVGEMADAPR	NA	NA	NA	30639.06	NA	NA	11007.8
ALFMPNGTWIVGEMAEAPR	19326.69	58522.2	44270.09	131855	48188.24	NA	76827.18
ALLPVIPSESEFPYAIR	7417.14	NA	NA	26875.8	28176.9	NA	9492.04
ALNDYAPIQSGIMSTIHAYTGDQMILDGPHR	NA	65537.2	16148.21	5142.92	10413	NA	6588.55
ALQTAGLEVTLIK	60577.8	NA	NA	29569.4	25050.6	NA	17949.5
ALQYGMPPTSGIGIGIDR	NA	123411.8	165526	12470.1	67387.1	3210.01	19846.16
AMADAGLKPSDLGKVLLVGGSTR	NA	2997.66	NA	NA	NA	6837.85	8263.66
AMHPDSAGSQFFIMHK	7016.94	12949.1	6224.96	16542.9	13154.5	5516.21	8175.57
AMVMFDMVR	NA	NA	NA	18623.5	NA	32455.9	18354.1
ANDMGVICGVTTNPSLIAK	98373.4	78826.3	38555.9	79813.9	82332	33885	64498
ANVLIFPDIDAGNIGYK	95773.1	89038.3	NA	88154.8	97124.8	94289.3	137907
ANVLVFPDLDAGNIGYK	109201	193619	51865.1	622381	246501	63589.9	99695.9
APDFPTGGYIYGISGVR	NA	34826.6	NA	10637.8	NA	22890	27651.7
APEVTEAVR	NA	25837.3	16711.5	NA	47687.8	NA	31893.9
APFFMYGEVCTR	NA	8812.34	36969.5	NA	44678.8	NA	NA
AQEALGMVETR	72745.5	62897.4	25971.6	65275.4	36286.7	20179.1	38792.5
ASADLFVLAYHR	NA	15117.13	74016.6	9956.01	51321.98	16977.92	11627.3
ASADLLVLAYHR	NA	16205.22	NA	47970.8	22724.65	3368.34	NA
ASDKPFLMPVEDVFSITGR	NA	NA	NA	NA	41826.6	2487.76	189960.28
ASLATDSFLSAASFQETTR	40536	24393.4	23549.2	29508.3	27411.9	NA	15447.8
ASLATNSFLSAASFQETTK	32861.6	46990.1	57218.2	52919.4	39903.8	12431.1	30154.1
ASMISPDFVGHTVAVHNGNK	22856.2	135718	43670.6	NA	64832.1	NA	NA
ASNAPELFAKPNIDGGLIGGASLK	24404.4	142416	366332	67134.4	161404	1424.93	30304
ASNIGQVAQFAAAGK	37231.3	52872.3	71889.4	NA	86833.5	NA	36437.2
ASVDAGAAAAANVGQVVSQHVIPRPHTDVEK	NA	NA	NA	NA	NA	6618.7	6433.9
ATFEEALEDAKK	NA	13789.7	NA	NA	36792.3	11141.7	NA
ATGIIVTDLMYK	22892.2	16249.3	NA	16654.5	13037.5	21452	42901.9
ATILGHMQR	80380.5	171147	267507	136541	162809	57154.8	105240
ATILGHVQR	195361	171760	139198	259862	175473	12099.2	166133
ATPAPPVGPALGQHGVNIVEFTK	19124.8	37535.6	19314.6	55200.7	43620.2	15515.2	24547.9
ATPDFLAQVMEHAQAR	14887.43	26667	15958.8	9933.73	68076.7	NA	30329.1
ATQGLANYIIK	NA	20280	NA	NA	NA	7004.2	NA
ATTTDAEGMIKEGR	NA	NA	NA	7695.83	NA	NA	NA
AVADLGVDMLAAGIGNIHGK	13754.4	46897.3	20926.3	102593	53160	18224.8	18034.1
AVDKPFLMPVEDVFSITGR	76767.6	320238.92	39808.3	392237	456806.9	40113.39	217972.18
AVEDLVNQQIFASKPVVTR	NA	7668.25	NA	NA	10606.4	NA	NA
AVEGAATQSVGNQDEIK	1800.5	NA	NA	NA	NA	NA	NA
AVFNVDNYKEYLSLQCDSALR	NA	16961.3	8269.21	16229.9	14876.4	NA	8848.46
AVGESVQKPLLYYR	66782.5	118017.2	164247.9	51237.4	73780.1	20528.19	50653.3
AVLHTALR	49459	28563.1	218633	75100.4	118874	76472.2	116929
AVMKPTEGTILTVAR	4553.89	11192.1	5821	6327.24	7681.55	NA	2086.61
AYCSLGEICGVLR	14659.3	89388.9	233926	29526.9	NA	NA	34724.5
AYLVNTGWNGSGK	67366.5	35460	10838.8	76785	44140.7	17409.7	52851.4
AYLVNTGWNGTGK	224094	351876	614808	359988	368084	149939	273658
AYSMANYPAEGDR	31789.4	8740.26	NA	7949.93	NA	12534.5	26791
AYYHETVEILEEK	NA	28704	11778.1	27420.4	NA	31077.3	48112.8
CCYVGADAR	286617	286280	440614	683503	545683	NA	385534
CDTLIIGGGMAYTFLK	10792	9792.91	NA	19258.3	NA	NA	6059.87
CETLGVACEK	NA	22336.6	NA	36242.7	22165.8	15859.1	NA
CFAFLAGHESFAAAEGAIGLAR	NA	19752.1	NA	32068.3	4322.21	NA	8675.51
CFAFLAGHESFAAAEGAIK	NA	8353.71	2760.14	2817.87	5815.53	3885.96	5202.6
CHPFFTGK	44909	59492.8	42439.9	56845.3	NA	NA	23848.9
CVDTSMGLTPLEGLIMGTR	3685.29	5300.88	4286.28	4187.84	8334.36	1378.5	6334.29
CVDTSMGLTPLEGLVMGTR	4587.76	6004.26	33812.3	8789.49	14084.5	5731.95	8186.69
CVGELLQNQFR	30827.6	25262.8	15232.9	23275.8	14228.3	NA	14322.5
CVGLPGQTLQIK	11977.7	85269.2	61926.3	24998.3	56977.6	6418.85	9728.52
CVYISGLPYSFENSR	NA	NA	NA	NA	NA	5281.57	6031.54
CYDIEDELKK	NA	NA	NA	NA	14346	NA	NA
DAFGSHDDSDHVYNTPR	13450.3	8221.73	5040.94	16274.1	9286.27	4925.99	8668.51
DAILTEAPADHSMHDEFDTPK	NA	7697.47	NA	NA	NA	NA	3833.7
DALNREESCGGHFR	25043.9	45225.1	15914.7	17189.9	31629.4	9167.81	21937.4
DANKLVEEFMLLANR	NA	3529.84	4103.94	NA	2602.99	NA	NA
DAPSQEALDALK	NA	NA	NA	103563	NA	NA	28622.8
DATSENTVWWTSEEYK	NA	7601.54	NA	NA	NA	NA	6260.13
DAVAATSTQILQGITR	8541.34	NA	NA	NA	31533.5	NA	NA
DCDILIFDEPTR	27996.6	NA	7759.31	109387	74364.8	40299.3	34860.7
DCNDLEVGNSAYNVPHR	9484.97	NA	53066.7	NA	28020.7	NA	6860.6
DEEHQNVLLFIDNIFR	NA	1631.47	NA	2799.88	2029.27	1382.95	1714.5
DESGLAKDFEIEGEFPK	NA	NA	13994	NA	NA	NA	NA
DFQHIQHYFK	NA	NA	NA	NA	4497.97	NA	NA
DFTSYSFKPQLK	4013.05	6325.29	NA	5648.02	7465.75	2917.86	4165.5
DGELCWEFDR	NA	19166.9	NA	29131.8	9544.4	3931	NA
DGEVLIVDEFTGR	23275.8	26463.1	16208.9	41193.8	NA	NA	NA
DGHDEASGIFK	13567.3	32999.8	66832.7	NA	18064.1	NA	NA
DGIDLENYSEELKK	NA	NA	NA	10993.3	NA	NA	NA
DHAGIPHGGFVIR	NA	28397.5	NA	75472.5	NA	7875.74	NA
DIDKPFLMPVEDVFSITGR	120544.84	NA	183853.2	NA	NA	140253	12484.1
DIDNPFLMPVEDVFSITGR	29675.1	172337	90909	41264.9	66562	59502.7	104390
DILIIGDLPIYVSR	NA	7594.35	11595	3961.89	14153.6	NA	5664.6
DILQHVINTHGTTR	NA	13094.3	NA	NA	NA	NA	NA
DISFMEDLTHIFR	NA	44198.2	11521.34	47073.3	36086.5	NA	27591.47
DISGFTHGIGWCAPQQGCCK	7556.52	38528.4	NA	NA	NA	NA	11579.5
DISGFTHGIGWCAPQQGTCK	11752.5	18167	15140.1	43590.7	18438	8487.21	12256
DISGLTHGIGWCAPQQGACK	90555.18	207143.7	36623.5	78262.8	32852.8	103145.36	116982.82
DISGLTHGVGWCAPQQGACK	235136	202836.97	66272.5	422059.86	226297.94	161691.2	118137
DISGLTHGVGWCAPQQGTCK	84082	109731.19	10662	86264.4	76903.9	243380.49	116199.52
DIYRPAAWNAFGMDK	NA	10814.7	NA	16368.1	16827.9	3962.97	7718.46
DKDAIIGSMLICEMAAYYR	NA	9607.09	5214.89	5992.06	15307.9	NA	2176.48
DKDSVPYR	NA	NA	66558.7	29308.1	23437.6	42236.2	51273.2
DKVVAAEVENVK	16720.5	12351.3	NA	7891.42	41765.1	NA	16308.2
DKYIVMDENSK	58314.7	77649.7	77208.6	78190.2	70837.86	25521.59	37319.42
DLGCNALWINPCFDSPFK	10787.6	NA	10803.8	4786.22	5789.62	NA	8318.29
DLHVHVETK	NA	NA	NA	NA	NA	5532.71	NA
DLLIRPIITEK	1462.28	NA	NA	NA	NA	10733.8	7993.58
DLNAASLEAAMSMIAGTAR	NA	10580.7	5378.61	23828.5	4810.03	3432.59	NA
DLSFLDAYPIESITVLK	12674.6	723611	6266.9	NA	69953.3	1316.07	40655.8
DMAGLLLPYK	NA	NA	NA	11611.2	10563.6	NA	7834.35
DMEDPILISGTDGVGTK	NA	12263.6	NA	NA	22105.75	NA	NA
DMLVLHPLPR	NA	NA	NA	12128.4	NA	NA	NA
DMQDMEFTVEHGK	144177	201185	72677.41	284629.3	206462.47	120254.12	121287.14
DMQEDKELTFDAIDTVK	NA	7862.43	NA	8311.25	7848.06	NA	NA
DNAQLVYTTDGTEPTASSK	6571.31	NA	NA	NA	NA	NA	NA
DNGFNVIVGQRPGK	14001	8588.78	14240.5	5918.49	26122.9	7791.8	18192.1
DNGLIVNTVTQLTDSPFR	NA	9000.31	5014.76	55744.6	14369.9	1990.55	NA
DNHIDFAGGIDNAIDR	NA	16252.5	46958.63	NA	9753.3	NA	NA
DNHIGAAGSVTK	7775.52	NA	NA	NA	6024.75	9644.47	7626.26
DPETLEPVEYYCK	NA	NA	NA	NA	NA	5230.17	NA
DPFSLIPVVLGHEGTGEIVK	NA	NA	NA	31957.4	59913.41	NA	14443
DQFAEAGIDKEFVQDNQSR	17311.9	15720.7	20718.4	13609.1	24351.2	NA	25539
DQMVLDALAEK	NA	NA	NA	NA	NA	11318.2	NA
DRVDDALHATR	14579.5	8281.9	11179.3	7232.48	30965.77	NA	10515
DSAHIQEFEAEWR	13247	23860.9	NA	NA	22613.36	9578.36	21431.79
DSEPTTSILTITSNVVYGK	46554	121144	60599.9	167770	41656	91228.5	113632
DSLLLEFVQTATK	NA	NA	NA	9741.26	NA	NA	2886.46
DTDKPFLMPVEDVFSITGR	22823.4	118019	55641.5	116767	144656	155782	146977
DTDKPFLMPVEDVFTITGR	29710.5	21317.8	42711.3	32437.4	12842.1	17313.4	8836.63
DTLLDAQKHPEK	5962.9	2645.61	NA	NA	4391.82	2250.22	NA
DVLLFPTMK	55611.6	60846.1	30568.2	67654.8	49112.8	9804.04	27220.8
DVMILLDSITR	NA	17448.9	NA	7260	10619.4	2231.9	9934.28
DVPFETFLANIPACR	9162.21	34666.6	NA	59044.31	56117.61	NA	19088.8
DVPGVGDDALKDLDER	36717	NA	NA	26354.8	26928	16376.2	39018.9
DWAGGSWVEDDKPK	17232.3	47728	NA	NA	3817.51	NA	70943.2
DWAVNNEHSAK	NA	NA	NA	NA	NA	NA	15819.2
DWDSVLAAIGHGGLK	NA	NA	NA	2093.91	NA	NA	NA
DWFQTLPDFNAYVVR	NA	21474.5	34758.8	41672.3	24976.4	NA	16628.5
DYATTFDFLKR	23485.3	70041.8	19890.8	82611.9	84594.8	36692.67	66332.1
DYGVLMTDGPLCGLLAR	NA	7262.55	NA	NA	NA	NA	NA
DYIHVVDLAIGHLK	NA	NA	NA	3039.89	5024.29	NA	2361.62
DYIHVVDLALGHVK	NA	20576.8	11645.2	24910	18149.5	4893.56	15001.4
DYTPQEISAMILQK	NA	NA	NA	NA	27449.1	NA	NA
DYYVGDDGQLVR	49618.8	NA	NA	NA	NA	NA	35950.4
EATKDEVNAIYQK	10012.9	16203.8	17127.1	3790.87	39429.9	NA	23002.3
EAWDALTDAQK	47637.6	34626.6	21539.5	64738.5	44388.1	18829.4	35098.2
EDDSIEIINIHGK	5810.22	NA	NA	NA	NA	NA	3212.85
EDMTSQIATLQAALTTAAK	31559.99	5523.98	6681.95	25155.11	NA	49489.4	60611.3
EEQDALTEVVLK	NA	NA	NA	NA	NA	8272.19	3737.18
EFDEETGLYYYGAR	NA	33872.8	NA	NA	NA	NA	NA
EFEPDGPNYTPR	100186	92851.7	NA	152058	47765.5	74670.9	54776.2
EFEPYEVVATTYQAISGAGK	11827.49	56430.8	99248.4	96870.6	44542.4	38981	48288.3
EFFGSSPLSQFMDQNNPLAELTHK	NA	18544.9	18069.8	4063.68	18944.8	NA	5019.96
EFFGSSPLSQFMDQTNPLAELTHK	NA	8734.17	5491.08	NA	5267.22	NA	2480.89
EFFGSSQLSQFMDQNNPLGELTHK	NA	18062.2	25184.7	18476.1	13169.1	4764.82	12340.9
EFGGSDTCATAIIISTALKK	NA	4832.67	NA	2303.3	3607.42	NA	2442.75
EFGISIPDDQAEK	79443.4	23423	12136	27540	NA	43894.8	24792.9
EFIIFVGPSGCGK	NA	90620.3	128183	129525	173421	23899.6	94391.3
EFLWQEGHTAHATAEEAEAR	NA	NA	NA	NA	NA	2674.49	NA
EFYVNDAGNQIEK	15962.7	17901.8	NA	20205.1	NA	NA	NA
EGDGLSCASIMADINPK	4384.88	19980.8	28014.3	5144.07	6525.35	NA	5679.47
EGEIFGLYGLVGAGR	NA	55807.5	13361.5	50005.6	16364.5	10341.2	20469.3
EGFEQISALFLK	NA	9295.57	NA	NA	16928.4	NA	NA
EGGCQTCYGAVDINNSDYK	NA	NA	NA	NA	NA	8943.13	NA
EGGSVENTDIWGR	NA	NA	16628.9	NA	NA	NA	NA
EGINFPFPQLTVHQA	NA	NA	NA	NA	NA	6699.07	12956
EGLDVLEYFISAHGAR	NA	40639	5619.84	6099.64	12177.6	1916.96	7952.07
EGLDVLEYFMSAHGAR	NA	59323.4	69909	58290.1	58402.4	12954.4	34312.4
EGVFAGGDAVTGAATVILAMGAGK	NA	NA	NA	NA	10463.4	NA	NA
EGYPEIAEAYK	557803	131606	193125	316819	450072	NA	352169
EGYPEVAEAYK	NA	NA	NA	NA	NA	43900.7	26216.9
EHAALAPLYLGVK	NA	NA	NA	2591.32	NA	1655.84	NA
EHPLIAEELMMPILGVVR	NA	NA	NA	NA	NA	9783.24	4728.99
EHYEKPSVK	4073.37	17736.4	34098.3	4313.04	17200.7	NA	4057.96
EHYEKPSVR	NA	36927.1	15230.2	34451.4	21995	7516.04	8839.65
EIDFLGNAVNNPERPFVAILGGAK	9122.28	138223	46589.6	343611	132393	78933.3	84095.9
EIDFLGNAVNNPERPMVAILGGAK	NA	NA	NA	2401.79	NA	5307.19	4511.44
EIELEDPFENMGAQLVK	NA	NA	NA	NA	7418.7	NA	NA
EIGHGALAER	122323	144509	73307.5	147485	90647.7	38637.3	99295.4
EIGYLFGQYK	468022	387299	288681	293319	223734	192007	310451
EIKDISGLTHGVGWCAPQQGACK	NA	NA	NA	NA	4816.99	NA	9957.89
EIQIFHTILTTADNK	5536.76	NA	NA	3719.5	NA	1154.87	6832.21
EIYDNGDSLIMVATDR	NA	NA	NA	NA	18803.5	NA	NA
EKHTTKPLMGHFK	5039.87	54209.52	8069.31	6983.49	7133.31	28803.34	21996.93
EKTGCGMMDCK	NA	1383.89	NA	1223.96	NA	NA	NA
EKVVALAESTDNADVK	NA	NA	NA	NA	2123.61	1089.4	NA
ELGDKLPADK	17835.2	14735	13543.2	NA	NA	13641.2	18786.9
ELGHGALAEK	37566.6	25329.9	57546	32794.1	30631.8	9815.88	37343.9
ELKENSYPGR	NA	8775.02	6378.19	17303.5	6267.36	NA	NA
ELLAQNAEHK	NA	16943.7	NA	12876.1	NA	NA	NA
ELNNLQVGQANVILQVMDKK	NA	12436.8	NA	NA	NA	NA	4410.27
ELSSATTTNINLPFITATAEGPK	31699.6	138524	126018	158298	120289	32925.1	78882.6
EMIAMLLAGGQGSR	23677.6	22398.8	18582.4	19638.9	27741.2	6446.78	19293.9
EMIFTCDNVDAAEAYR	NA	8252.1	35835.9	7830.11	10485	NA	9469.94
EMIWVGGGAGMAPLR	16053.8	72081.8	29710.7	38472.1	24042.1	75027.2	52594.5
EMLSPTSAIAGMGLDKDVALITDGR	NA	5818.46	NA	12162.1	NA	NA	NA
EMMWIGGGAGMAPLR	NA	NA	NA	NA	9176.76	13668.5	21639.6
EMSLDDVVTYIATAVANR	2873.73	35200.5	100039.7	5271.22	33807.5	NA	8559.12
EMTGAGMMDCKK	NA	7610.5	5994.34	7371.01	3411.64	2074.302	2067.48
EMVSNAVDATQK	NA	8717.07	15724.8	NA	NA	NA	NA
ENGDELSPGVNQSVR	23487.6	18189.1	68696.7	13044.3	33061.1	14506.6	29947.7
ENPDIVKENIK	NA	25583.2	45052	NA	18447.4	NA	5889.52
ENSLCGLGQTAPNPVLSTLR	NA	NA	NA	NA	NA	1250.85	NA
EPDKSVLDSYADK	21566.1	22899.8	18788.9	41700.6	13335.1	NA	19955.5
EPIVFDHDCR	15221.3	6416.74	NA	3502.57	NA	14857.8	9465.27
EQAAPLTGSSDQVR	NA	15930.8	NA	NA	NA	NA	NA
EQHAEDKFYDVLEEVPR	NA	45020.6	11417.3	106938.4	33183.5	33061.6	14854.7
EQLDDFCEILAESR	NA	NA	6330.89	NA	8447.34	NA	NA
ESELLGLLCAHANEILQR	NA	35680.6	18169.9	10521.7	8088.44	10008.4	24534
ESEPGIGFDALNER	62011.5	126233	81670.4	589350	83134.8	83577.8	62040.1
ETALGMPYVPEHAAALFSCR	NA	42122.1	NA	8803.06	NA	NA	13518
ETDKPFLMPVEDVFSITGR	110531	589774	NA	1454820	529885	142986	155735
ETDTMPQWAGSSWYFLR	NA	19808.1	7173.02	14970.3	6334.7	NA	4996.71
ETIANTLVPVVCGSSYK	118246	100960	105344	102234	158212	NA	57547.2
ETTEAAMPTHTEAIK	NA	NA	NA	NA	NA	6729.65	NA
EVFESLEPVVEKHPEYEK	12749.9	NA	31373.5	36086.47	29770.83	NA	7571.57
EVGFMFGMYK	NA	11360.9	11572.3	9558.43	8957.28	34783.5	41816.5
EVIPEFLMVLK	7771.89	69867.7	4083.78	51458.9	69152.2	21922.14	37823.9
EVLKNETIAVIGYGIQGPGQACNLR	NA	83187	80455.9	12614.6	45834.4	NA	11488.9
EVLNFCANNYLGLSNHPR	NA	NA	NA	7437.87	NA	NA	NA
EVTKEVEVAGPR	24244.6	9876.26	NA	4481.12	NA	3692.24	17526.4
EWECEVISNK	76802.3	168099	93217	68749.2	119841	49123.7	78309.5
EYGVTAGFGLPVPR	NA	NA	NA	NA	NA	10363.9	19273.6
EYTPQQVSAMILQK	24284.6	17838.3	13894.3	18642.3	36114.1	NA	23134.2
EYYVGEDGQLVR	19515.9	NA	NA	10981.4	NA	211854	39847.4
FAALVVVGDGK	35244.6	63045.6	41861.5	90930.1	135463	41322.2	70256
FAALVVVGDR	NA	87604.5	NA	14026.2	214310	18471.3	31074.7
FAAQHHFFGYEGR	18176.8	143080	NA	26112.2	93310.1	14428.6	24604
FADNDLMGFPYQVVLGK	NA	5829.83	4654.01	NA	9252.72	NA	4270.61
FAELLGEVLTDSTKK	66290.4	37168.4	22800.7	13648.5	15960.4	NA	23917.2
FAELLGEVVTDSTKK	847017.4	883327	569736	898305	1225401.8	496773.5	1110808.6
FAGAVATYTIESLMHDGK	NA	2732.36	NA	NA	NA	NA	NA
FALTIGDELPSGIIQMAK	26087.5	105587.6	71843.6	NA	24595.3	NA	NA
FATLGGNVSTNAGGMR	NA	NA	NA	7081.56	NA	NA	NA
FCQAFMTELYR	59287	365158.3	295541	87254.9	234199.8	47755.7	101045.8
FCQSFMTELCK	36667.6	29328	12956.3	14495.9	12066.8	8617.5	37434.8
FCQSFMTELYR	68659.3	123530.7	101657.1	213321.5	181682	29377.7	160216.3
FDELTHDLVEK	NA	12318.5	NA	15550.5	NA	8430.82	11467.9
FENADEYNLADEIK	11138.4	9911.99	41527.3	13995	16365.9	NA	10919.3
FENAEEYTLAQEIK	15309.4	25075.3	NA	28210.3	16510.9	49423.8	17999.3
FENASEYSVKDEIK	25055.36	5572.76	NA	23497	5369.69	NA	14615.62
FESLRPTPELSFAVR	11787	36132	NA	NA	6676.75	9373.29	9545.7
FETGEGIEKK	NA	26047.7	NA	NA	NA	30616.8	NA
FETNVGAGLPIIGTINDLR	NA	46395.3	42094	14400.9	32635.3	1883.53	5746.97
FGALDVEENWDDEARR	NA	14390.5	NA	NA	NA	4717.15	6481.82
FGAPLITNDGVTIAK	404364	145703	NA	335775	28987.8	24423	80874.6
FGDKENPLLVSVR	319442	270321.47	50404.8	526441.55	276096	194689	199565
FGDLENPLLVSVR	121700	103450	194408	91069.5	110526	NA	58295.3
FGDQMNNVAVTDGDKVEAEQR	10566	40961.97	4495.99	5168.11	NA	20163.34	20537.7
FGFIGQDELLAVAR	NA	NA	16952.7	45468.6	8631.57	NA	8435.56
FGLADAGNIYGR	84240.1	52781.1	141957	103535	90782.6	65411.4	73607.6
FGQPEVGLGITPGFGGTQR	26666.2	20957.3	84495.2	12955.2	9493.58	13789.9	28575
FGSPLITNDGVTIAK	70511.7	58799.1	29517.8	98624	29909.7	NA	54297.4
FGTLVGVDRPAAK	56935.2	11990	127514	67214.4	60748.1	104431	114740
FIFNEIIPQDLGFVDR	NA	51364.29	12196.3	77131.47	31252.86	6442.66	19568.7
FIFNEILPQDLGYVDR	NA	22754.7	10595.1	12446	11214.9	6603.76	8726.55
FIGGHGTTIGGVIIDGGK	NA	NA	19874.07	NA	NA	14713.67	13418.03
FIQMFSDVVMEVGK	NA	15766.3	15819.3	17751.1	21181.2	5996.16	15034.9
FIQMYSDVVMEVGKK	50204.9	78139.61	16170.5	127100.2	53769.89	43887.57	51086.7
FLCPVPGYDR	235034	225509	231437	301339	186133	155557	188115
FLDEDPWER	143585	354371	250628	266303	311820	NA	200879
FLFDLGVSCKEEPFQK	NA	9069.94	21226.7	NA	10226.5	NA	NA
FLHTLKNMGPSPEPNLTVLYSSR	43830.8	147606.7	55342.52	215908.9	58056.9	7559.72	106246.3
FLLDENFIEIHTPK	NA	NA	NA	NA	4186.46	NA	NA
FLNAYYDAK	317309	359217	44768.3	604524	196508	95392.6	187171
FLNFFEER	NA	NA	NA	NA	20662.4	NA	7676.81
FLNNVLQAELEPIR	NA	21574.2	NA	NA	12392.9	7201.86	12367.7
FLNNVLQETLEPIR	NA	NA	NA	NA	NA	2660.56	NA
FLPYFFPDTFHEGGDPVK	NA	25396.9	10681.93	62308.4	23106	13827.34	13662.35
FLPYFFPDTFHEGGDPVKEAK	NA	19406.9	NA	43218.3	11310.59	8593.16	4378.84
FMDAFQFIK	NA	NA	NA	NA	NA	NA	6740.5
FNEIYLLK	23054.3	38212.3	NA	NA	28138.4	NA	125261
FNQFGGSQATYNWELK	75658.1	NA	NA	143315	196325	NA	46531.8
FPEAFVQFK	82247.5	194612	69212.2	520947	216240	65044.6	77565.8
FQHPVAGTYKK	144159.7	967120	947695	438613	543155	124536.7	376397
FQPDWIVAIGGGSPIDAAK	39912.9	79739.55	126606.1	72827.84	77792.94	NA	113607.2
FSAQHHFFGYEGR	NA	169640.1	197236.7	30926.2	7873.05	NA	NA
FTASVNLAPSFFDDHLK	NA	22248.4	NA	10078.4	NA	NA	17152.2
FTATQDYNGNNDSNR	3625.24	NA	NA	NA	NA	1826.2	2386.74
FTDKTDLVYFGNLK	NA	13548	9624.86	74167.7	NA	9775.78	9951
FTGEIYVLTK	25992.4	168526	217470	51672.9	311401	NA	170103
FTKEDSGTAEAPVK	NA	NA	NA	2970.04	NA	NA	2103.41
FTQAGSEVSALLGR	392733	415904	427537	191581	353081	99301.3	262773
FTSAELIEHWKK	7362.97	NA	NA	18662.1	NA	NA	5187.14
FVDKWDTPILCIHGEK	NA	25719.5	23560.5	13769.6	NA	14260.39	3798.99
FVDPSTGFISSK	34916.7	107858	199726	35490.4	93562.8	NA	21077
FVGMLTDSR	42477	54328.8	85297	18690.5	40373.5	15868.7	33467.6
FVIGGPHGDAGLTGR	NA	16836.5	46711.4	NA	13296.1	NA	NA
FVIGGPHGDSGLTGR	12351.2	37529.8	14275.2	46975.4	26548.1	17567.4	13590.8
FVIHYDIPK	8133.94	11674.5	25131.8	5542.27	11186.6	NA	5902.23
FVKDVVVK	64088.6	79971.1	78661.4	57057.7	89656.5	NA	83743
FVLGGPAADTGLTGR	24029.2	16256.3	NA	17122.5	NA	NA	NA
FVNHLMYDGK	NA	167849.7	95446.8	14178.3	99277.2	8509.13	5608.99
FVNHLMYDGKK	11114.8	65685.48	39689.58	5246.76	30459.9	NA	7523.59
FVQAGSEVSALMGR	NA	14406.5	NA	11486.6	17682.1	NA	13185.5
FVSPVSGVVTSVER	349497	138595	16162.8	NA	NA	159638	249799
FWGLGGDGTVGANK	455948	870284	887535	233978	680527	20076.6	268344
FWGLGSDGTVGANK	53223.1	59735.5	39234.5	48061.3	36421.4	NA	28765.3
FYAEEEGKPR	38399.3	25486.9	37394.8	8561.52	30079.2	29043.9	54490.4
FYTTVGNGTAVASAK	NA	NA	NA	29334.2	17990.6	NA	10714.4
GADATIAVLNVSLK	NA	NA	NA	6227.34	NA	NA	9353.91
GAMVYQSPMSIIDLK	20756.88	NA	NA	NA	29910.2	NA	10983.6
GASKGEGLGNQFLANIR	NA	NA	NA	4357.23	NA	NA	NA
GAVPTQSILTITSNVEYGK	20552.9	12654.8	140890.9	70492.64	65373.3	83555.2	150026.9
GDADFMDYANIDKAPEER	11599.7	41092.39	73272.59	NA	53252.46	NA	12974.2
GDGPEPELSLKPAAEK	NA	NA	45559.7	NA	NA	NA	NA
GDPMPTPGIPESLNVLLHELR	3425.84	117048	104371	2490.35	59437.4	NA	2784.39
GDYIICDDRDHASIVDGR	8857.3	17260.8	29597.5	NA	8179.74	NA	NA
GEAPVNGCPVGGEPVGK	NA	NA	NA	13855.8	5716.15	NA	NA
GEILGFSGLMGAGR	17447.6	NA	NA	35197.2	25050	19605.3	19957
GELEITDINR	104517	102101	185676	95178.5	130330	84830.4	114068
GETVWTIDPQAVIFIGR	NA	20428	NA	18604.4	NA	11626.7	15304.4
GEVVWTVNPADVIVIGR	NA	NA	NA	NA	9189.52	5243.65	11691.8
GFEFGDHYDK	41167.5	36912.5	31988.2	28878.7	71146.7	NA	25226.8
GFIGPVNLPEGIR	NA	20872.7	12749.1	NA	35142.5	NA	15392.8
GFMDASPVLLEPIVSMK	9273.08	32332.58	4830.89	88423.8	22035.7	7961.07	13270.23
GFQGAIKR	NA	65873.6	46520.7	88498.6	57915	21769.2	34919.2
GFVFPAGEIYGGTR	32792.8	NA	70141.7	33937.4	43513.6	31077.5	72215.1
GFVITHGHEDHIGALPYVLK	NA	6490.02	NA	12904.2	5099.16	4240.34	NA
GFYDGLIFHR	NA	37713.67	21228.5	67969.02	40616.7	14742.15	44728.81
GGAEIEVTKK	6822.39	7514.18	NA	7321.2	4731.25	NA	NA
GGDGGEYGATTGRPR	NA	4259.56	NA	7597.42	15295.8	7645.34	12202.6
GGHSGLEINEGR	NA	22489.1	81545.1	NA	32337.7	11624.8	23939.2
GGTAALNAEVSPFGVKPDGVTWK	10647.4	103004	68029.7	9895.46	33087.4	NA	16148.7
GHCVISDMFHLEAIK	NA	19763.03	16625.69	10966.43	28240.2	NA	11969.03
GHETYGEDPYLTSR	NA	NA	NA	3162.62	NA	1609.67	1445.17
GHPVLLNR	104710	216230	88250.4	110682	131033	NA	85028.3
GIASMHCSANTDK	NA	2628.66	NA	5352.58	NA	NA	NA
GIASMHCSANTDKEGK	NA	NA	NA	NA	4837.86	NA	NA
GIATDITIPSQILNK	20435.3	NA	NA	NA	NA	NA	NA
GIEAQDVNIFSLIQR	NA	NA	NA	NA	NA	NA	4064.69
GIEIVSLGVSGVK	NA	NA	NA	NA	NA	NA	13035.5
GIFSNEAGLGSAPIAAAAAQTK	18663.7	19213	19415.4	14792.8	15448.2	NA	11824
GIIDAILDGSIDKAPTK	39420.4	62179.17	51240.3	123055.1	80196.3	169324.7	335343
GINPDTDEEETRPASDDEPFAALAFK	NA	NA	NA	NA	7698.52	NA	NA
GIPCIYYGSEVGFR	NA	16376.8	381692	NA	107759	NA	NA
GIPEILSPELLK	137892	169530	51093.1	304356	113057	45824.8	61735.6
GITEPTPTFSACFGQAFLELHPTK	23728.2	516031	884138	594946	586779	142575	304368
GITITSAATTCHWK	NA	NA	NA	NA	2757.48	1307.61	NA
GKGDPAGWVAPVTPGR	18206.5	168517	99132.5	14819.8	101263	NA	5272.91
GKGVSFMENQVGWHGK	NA	12467.6	NA	20801.1	12691.9	NA	8271.05
GLFEALEGNPVTIR	50270.2	209918	65502.8	803110	279559	85547.2	60898.6
GLGTAIISTSK	230496	310315	157720	401373	381408	9526.39	246893
GLHVGHPLGYLATDVVSR	NA	NA	29905.5	12674.7	15537.3	3780.81	18113
GLIPAIVQDHYTK	NA	NA	NA	3642.42	6848.06	NA	NA
GLMTTVHAATATQK	9647.41	NA	NA	NA	NA	NA	3235.5
GLSMFIYDKR	NA	28392.5	22043.1	NA	17228.6	NA	NA
GLTAATGMDALTHAIEGYITK	27295.8	144213.9	28615.2	98412.9	163657.6	1908.04	88934.9
GLTYGGSLIR	70526	51902.5	NA	355496	NA	56884.6	55850.5
GMDIIFVTTAK	65017.1	169741.7	235427	326280.3	174543.7	112283.9	111574
GMDIVFVTTAK	NA	31459	NA	44672.6	23021.5	51682.1	38152.9
GMFSMMNYYLPLK	13603.7	NA	NA	6164.28	NA	NA	NA
GMGECCVSGCGDIAMDEENKK	NA	19191.4	NA	35195.3	13617.1	6220.57	5184.49
GMGTCCVSGCGDIAMDEENKK	5285.33	23158.95	4181.58	36395.06	NA	4674.91	4044.62
GMGTCCVSGCGDITMDEANKK	2403.17	NA	NA	NA	NA	568.384	1788.98
GMGTCCVSGCGDIVMDEENKK	NA	8585.75	41564.8	NA	6936.6	NA	5278.44
GMQFLDLIQEGNLGLIK	NA	4727.31	NA	5322.53	NA	NA	2676.97
GNIDAALDIHAATHAFNDVQDFIK	32624.2	75199.5	121841.1	37863.3	20985.73	2131.57	54210
GNIGVTTENIFPVIK	NA	17025.9	41245.2	NA	20370.5	NA	NA
GPEYFVEAANMVLHR	NA	13459.8	9997.65	NA	14189.11	NA	NA
GPGMFDISAFLGKEETLR	NA	5485.01	7619.84	NA	2972.31	NA	NA
GPLTTPVGGGIR	33091.4	15014.4	78549.3	NA	NA	NA	17302.5
GPNHGPAPIPEEGK	72451.1	335057	500392	53207.6	214114.1	17114.66	43788.6
GPYSPVPLGDYMSGSNHVLPTGGTAR	NA	NA	4894.14	NA	NA	4776.7	4773.49
GQNILGYRPYADDVVEYFVQK	7281.85	179227	195835	245280	180464	50156.5	99075.1
GQNSPVDYFNKYPGR	NA	NA	NA	13726.5	NA	8249.04	20032.1
GQTYFFDEEGK	62122.1	50066.7	NA	NA	NA	NA	74801.7
GQVLAKPGSITPHTK	3417.9	5202.97	NA	NA	5890.96	NA	3242.89
GQVLAKPGSVHPHTK	107750.196	680653.6	31483.7	137661	79824.156	NA	130278.87
GQVLAKPGTINPHTK	2362.76	NA	36121	NA	NA	NA	948.537
GQVLAKPGTVHPHTK	39812.3	73618.8	126562	19459.6	76367.9	20730.9	41625.7
GQVLCKPGSVTPHTK	155535.16	280924.6	434033.8	88143.03	438684	4472.63	240848.8
GQVLIKPGSVTCHK	25497	27151.66	11941.97	20931.08	193881.8	199909.8	66559.59
GQVSELGAVNVMTGIYTGR	45263.4	125920.2	109510.5	209846	202812.6	36863.86	117278.7
GQVTELGAVNVMTGIYTGR	NA	32126.5	17324.3	22224.8	13308	19067.32	54774.11
GQVTELGAVNVMTGVYTGR	19898.8	15167.1	26000.4	24157.8	NA	34681.56	64530.2
GSILIDGMPTAGKK	NA	NA	10732.6	7094.41	NA	NA	6485.21
GSIQDGPGANAIWNITNVTR	15599.3	6227.69	70892.3	20495.6	39408.9	7023.49	NA
GSLEEQTMNMAK	26362.2	18124.45	NA	29589.09	19807.3	NA	15283.5
GSSLVEIVSTCNSGWK	NA	15879.6	19501.3	NA	NA	NA	NA
GSVMNPCDHPHGGGEGK	4213.83	18296.33	4538.83	11138.58	20005.27	2844.92	NA
GSVMNPCDHPHGGGEGR	8175.16	107012.1	13265.1	48886.8	21268.3	NA	19813.44
GSVMNPNDHPHGGGEGK	145487.87	392328.67	241783.43	485742.77	508143.95	111081.964	124889.32
GSVMNPNDHPHGGGEGR	106755.3	403379.42	69510.42	100746.67	231442.8	51829.56	81250.56
GTAHVGDQMEIVGIKEEK	49425.2	29281.37	16751	98027.8	27727.69	NA	36397.04
GTLHVNDPLEIIGIK	NA	NA	NA	12122.3	NA	NA	14720.5
GTMILNPSVTGLDFSYSK	NA	NA	NA	NA	NA	4109.45	5908.95
GTNVAVGAENMYYEEK	8838.27	5111.08	29324.2	5841.25	13572.3	NA	9287.82
GTNVQVGAENMYFEEK	20888.3	31932.82	NA	12048.95	3042.37	21962.77	11793.55
GTPCLVAVEQDETGK	90614.3	35018.9	40859.3	221292	88162.8	NA	166942
GTQAALLSEHYGIPAISTGDIFR	NA	NA	20829.4	4875.6	4998.64	NA	3704.77
GTVMNPCDHPHGGGEGR	37911.1	NA	99261.5	10846.8	160960.2	NA	24193.79
GTVMNPVDHPHGGGEGK	7686.89	NA	6938.56	4448.43	10803.9	3082.5	4684.16
GVFINGSSGEGYMLTEEER	NA	10848.3	NA	3093.78	NA	4434.97	NA
GVLHVNDPLEIVGIK	NA	14740	NA	NA	26053.6	NA	17122.2
GVLILPTLEEAKK	47011.6	13371.1	33980.03	13427.73	36954.5	5261.46	14716.43
GVNNPLSLVNPNDIESFTVLK	NA	NA	NA	7768.98	14999.8	NA	4103.17
GVNPDEVVAVGASIQGAILNK	NA	6842.31	5450.76	8969.1	32770.6	NA	8670.16
GVSQGHSDAIR	NA	5814.65	NA	4687.31	4699.7	2951.68	NA
GVTPPIDVLPSLSR	42156.7	33844.7	NA	15534.4	18005.7	32041.5	26424.5
GVYTGYVYVADPNGAGLQFK	NA	NA	NA	19508.6	NA	NA	NA
GYGITLGNSLR	139925	151548	78388	62011.9	116408	150362	123461
GYSAELYPDGEAGYK	NA	NA	19423.8	NA	NA	15473.2	NA
GYSVLEVLHAFEK	NA	NA	5244.38	16811.69	11852.73	NA	866.652
GYTAWDPTSYAFIK	36318.4	21003.1	NA	22255.9	NA	NA	55964.5
GYTAWDPTSYAFVK	NA	11045.6	22601.9	12185.6	9537.78	NA	13912.9
GYVSAYMSTDMEK	NA	NA	NA	4753.96	NA	NA	NA
HADVDKVVEATK	47808.48	72803.7	25004.83	169821.6	104843.5	38889.86	42592.68
HDAFIEHDGK	11134.8	12442.5	37626.2	NA	NA	NA	NA
HDSVEVPASK	59195.9	97388.3	38399	265187	84258.4	104500	53185.7
HEQALVHEADAYAR	NA	NA	NA	28159.55	17552.5	17798.1	NA
HETVDVPASK	50763.3	65656.2	154842	41840.3	78180.4	NA	54740.9
HETVDVPASNMK	NA	25316.6	NA	10088.9	15994.2	9369.31	12804.2
HGCGFDGLLK	13281.6	13684.9	NA	7105.32	NA	20259.5	14523.1
HGCGFDGLLKR	NA	NA	NA	NA	NA	2904.43	NA
HGFCGACATIYR	NA	5247.91	4061.57	10089.7	4705.26	3213.24	4729.81
HGLVCLLHEKPFAGVNGSGK	NA	36751.8	13505.1	43109.5	NA	NA	33640.5
HIGLYAYR	NA	NA	76977.1	NA	NA	NA	21525.9
HIGPDEDVPAGDIGVGGR	NA	NA	NA	NA	10761.5	7981.37	NA
HITVNYMMAK	NA	26871.8	36092	NA	27406.4	NA	13635
HLAMMPHLER	23411	70760.9	92733.7	38757.4	81976.4	24570.8	34432.6
HLGCQSGIILTASHNPK	NA	NA	NA	NA	NA	10367.1	12162.7
HLGPDMDVPAGDIGVGGR	NA	37099.6	28650.9	20319	13221.6	NA	NA
HMDAFQFIK	12157	19982.6	830606	8107.91	12344.9	NA	13801.6
HMIMSGEYDK	9956.02	37094.76	16353.51	10050.79	21804.665	6409.35	13496.1
HNFNAGPSILPR	15866.2	25062.9	15279.5	8111.61	NA	18170.9	27258.2
HNILPLSK	NA	48738.7	37108.2	NA	29984.2	NA	NA
HPLTDQGIEK	35817.6	30866.4	29414.6	38863.3	33763.9	5310.17	32536.6
HPNTIALEEVER	NA	17383.3	NA	29130.6	15042.3	9695.92	10381.9
HQELNQCLER	NA	9741.62	4652.92	NA	4550.67	NA	NA
HTASHVLAQAVK	9979.4	13103.2	26611	6279.31	17413.9	NA	10788
HTGLFPEQAANWDWFSK	NA	NA	13996.1	NA	1347.91	NA	NA
HTVEAGEDYIVVDGK	7731.39	18394.8	11792.2	NA	7017.41	NA	7308.75
HTVEAGEDYIVVDGKK	51419.3	70434.5	42640	15512.3	36632.3	NA	59439.8
HVNVYDILNSNK	NA	NA	NA	NA	NA	23388.6	NA
HVSNIKNVYK	NA	NA	NA	6760.95	8733.59	4639.53	NA
HVSPAGAAIGLPLSETLAK	40929.2	19033.69	NA	59114.64	24048.47	32597.71	26740.8
HWLVMPEYR	NA	NA	NA	NA	22612.3	NA	NA
HYAHVDCPGHADYVK	791128.5	1177780.5	1133757.1	817540.2	1114254.1	287996.39	389414.89
HYRDMQDMEFTVEHGK	11198.4	NA	2881	9696.75	7415.07	3001.3	NA
IACDLVDEGHK	24717.73	23897.9	67723.6	7812.96	19062.05	NA	15243.83
IACDLVDEGMR	30579.3	13537.1	NA	18019.2	9944.69	7267.84	7127.34
IADDPVWEEAIVDR	NA	NA	NA	25331.7	NA	NA	NA
IAEFGTVFR	86817	267066	386559	NA	198730	NA	36110
IAELKQELFNLR	NA	23397.85	NA	NA	2890.74	NA	6789.36
IAFEEAEHAAK	97520.2	174119.9	185582.8	50800.3	74984.4	133988	112677.8
IAGDDFDEALVR	58186.5	34816.1	113946	31362.6	64561.7	NA	50530.5
IAGEQLPAVFNVSAR	117825	368107	133013	1578220	424378	131168	94423.4
IAGEQLPGVFNVSAR	291702.67	180866.88	82249.6	164846	251622.48	122386.24	198124.49
IALGYTLDEIPNAITGK	5769.62	22048.9	9076.05	48057.5	24212.1	8084.81	8491.08
IALLHYVDGEKR	NA	6188.69	NA	9897.28	8564.62	6325.49	7479.7
IALLYYADGEKR	75655.3	377614.8	194228.8	96849.4	603567	19004.76	30431.2
IALTDKDGYFTLK	6491.85	29568.8	NA	NA	3803.8	NA	4621.97
IANYPFTTLEPNLGIVSYR	NA	4930.94	4844.08	NA	NA	NA	NA
IAPTAKPPVCK	NA	NA	NA	NA	4773.68	11168.4	NA
IASELYLKR	NA	11659	NA	3151.88	NA	2369.02	4448.09
IATELYLKR	6286.4	56286.2	77213.5	7938.26	26666.8	1956.38	9293.67
IATPPFKPDR	18406.2	61087.7	NA	17803.2	NA	14352.9	15756.4
IAVETFDER	NA	21816.1	38703.4	NA	NA	NA	NA
ICHHMDWLGIR	NA	48970.67	33009.67	71061.8	89275.5	NA	19701.8
IDAVPYIWK	23383.7	15392.7	19395.5	37861.7	39353.3	5825.26	27501
IDEEQVQLMK	NA	14409.9	NA	NA	NA	NA	8520.69
IDGVLHEFSSIPGVK	31925.4	33646.6	45439	46931.6	35810.3	14541.8	26562.7
IDILVNNAGITR	76210.6	30793.4	40865.4	25035.3	38909	60359.5	76532.1
IDMSEYMEK	13291	10450.5	NA	6731.95	9134.16	6168	10220.8
IDQMLSSDYETK	NA	5757.21	NA	7655.19	NA	4419.26	NA
IEEAALTGESVPVEK	NA	10859.7	7400.54	NA	26661.2	NA	10665
IFEETAANEKEHAK	20925.3	21780.118	17262.753	11404.7	10726.6	32997.037	23096.406
IFEETANNEKEHAK	8397.55	6080.36	NA	NA	NA	NA	8965.9
IFENDPFAKLDQIGVGK	NA	NA	NA	NA	NA	4214.94	6322.84
IFENDPFAKLDQVGVGK	9443.77	36468.8	9731.1	60897.7	28164.7	4219.67	16186.8
IFESGVAYFK	19290.2	23344	10152.6	NA	NA	NA	17921.2
IFETGPVFR	93729.4	95848.6	82992.3	42333.3	161179	NA	53893.9
IFIPASLVSDTYEK	18559.4	NA	NA	NA	NA	NA	NA
IFIVAETPEDVLTLVK	12224.4	82084.1	37416.74	38638.2	273511.04	1516.18	109637.76
IFNDLQHTITGWPGGKPNADDTYRPER	9522.91	70392.5	138310	5750.76	44293	13551.73	12279.2
IFQIFEGTNEVQR	20488.4	NA	NA	14681.2	60794.2	30311.8	39578.6
IFSVEFLPGQFDQR	16224.5	43778	268233.8	113156.49	72890.9	17249.3	52161.34
IGADFLYSVSTLHDR	NA	7780.23	5750.43	6313.48	123763.7	8315.8	9562.37
IGAFLDWGLEK	NA	9648.46	20583.4	12329.2	12520.2	4481.08	10990.7
IGDTHEGTATMDWMEQEQER	NA	28218.25	23849.5	NA	NA	NA	NA
IGEDFPSDPK	33093.9	15172	25058.2	42388.6	NA	17231.2	21323
IGEDFPTDPK	61810.9	60487.3	40715.8	110592	223259	56375.1	59570.3
IGENKHTVEAGEDYIVVDGK	NA	6752.71	3474.67	NA	3081.67	NA	2057.28
IGEVHDGAATMDWMEQEQER	NA	60018.1	30466.47	17895.4	NA	NA	5834.73
IGGATFQVPTEIRPDR	63098.9	298845	241705	12044.8	211388	NA	16180.2
IGGQAMDAMAR	17999.1	67510.9	43825.4	14145.2	16655.7	NA	9571.58
IGLDYVSCSPFR	1239050	1443450	829551	779210	490443	202032	513254
IGLGLQSFCIPGSVADDR	NA	NA	NA	NA	NA	4803.29	NA
IGLMLDLSPR	NA	NA	24570	NA	15349.2	NA	12185.5
IGLMPDIDSIPFIIAQEK	NA	NA	NA	NA	NA	1801.02	NA
IGMDISNIIWDR	NA	21021.7	27214.1	NA	14825	NA	NA
IGMTSVFSADGK	46569.3	237743	72203.8	16138.3	106270	53038.8	48526.8
IGTQGDDMYKDNR	NA	NA	NA	8132.76	NA	NA	NA
IGVGAENCADK	NA	NA	14016.2	NA	5274.11	14538.9	13414
IGVMFGNPETTTGGNALK	12195.9	42415.1	75169.7	NA	55000.8	NA	5748.79
IGYGLYVVTSNDGK	NA	NA	NA	34263.8	15621.7	NA	NA
IHGCSHITGGGFYENIPR	NA	NA	NA	7753.01	NA	NA	NA
IHIVGGGSNAGYLNELTAK	NA	24659.9	8252.82	70266.8	25022.9	7193.35	9031.23
IHNELGWLPETK	32933.5	20380.8	75947.7	28332.8	59170.1	18679.2	24628
IHPNMVVK	31167.3	34231.6	16525	39428.2	65335.6	9934.67	33099.1
IHVVGGGSNAGYLNELTAK	8822.24	48622.5	NA	15987.8	28633.66	NA	12561.2
IIDLSPDSMVFELIGKPDK	NA	NA	NA	2712.15	NA	NA	NA
IIDYSLLSHVETPGLGSK	3516.77	5877.01	NA	11366.94	NA	1773.65	18781.44
IIFLENYDMQLAR	6825.08	26942.6	9218.78	8447.67	6322.84	12637.03	37165.7
IIGDHTDKFVQAYFQYDSK	NA	107544	NA	37597.2	NA	NA	NA
IIGDHTDKYVQAYFQYDSK	30126.3	216948.2	265653	68057.5	351561	7358.55	115562.8
IIGIDLGTTNSCVAVMEGGKPTVIANQEGAR	NA	4747.82	26708.9	NA	NA	495.547	1360.86
IIGMGGALDSSR	104367	91849	89756.2	61443	50826.5	158622	227374
IITGLPDTYGR	841836	428583	166234	555161	443212	501745	296491
IIVTEIPYMVNK	NA	NA	NA	NA	11550.4	10533.3	13625.8
IKSEGDFEAAR	NA	8042.95	15007.9	NA	NA	NA	NA
IKVPESVMGVK	37688.7	230776	87596.8	25288.7	87690.5	NA	14978.8
ILAMNESGKK	25338.2	269451	187774	17421	138055	NA	18467.7
ILDLDKLLDR	NA	19591.24	14288.58	33236.72	7152.1	NA	30013.32
ILGMGDIVSLVER	NA	NA	NA	NA	5171.43	NA	4874.93
ILGMGDVVSLVEK	NA	NA	NA	6089.73	NA	6110.42	5150.68
ILGYDKENFVVK	NA	NA	NA	NA	11468.7	5778.51	NA
ILIEPCAVLIHAVER	NA	44853.6	NA	18025	23177.1	34423.9	18884.6
ILIEPCAVLVHAVER	29009.9	181705	55769.5	231027	111682	45174.2	57603
ILMSQHIGAPAK	13482.6	10967.7	8923.65	7890.78	9814.99	NA	9584.94
ILNNVWNYDYFGDAR	NA	3666.97	NA	10520.9	4867.3	NA	4528.46
ILNSVWNYDYFGDAR	NA	NA	NA	7788.05	NA	NA	NA
ILPGFVDNSITNPYGDGK	NA	NA	NA	NA	NA	13884.7	NA
ILQMHANDRK	59822.87	83782	NA	150624	NA	4039.57	26498.37
ILVCSGTGCIATGSNK	NA	18569.5	7296.72	61787.8	27241	6606.33	4379.55
ILVVDDESR	22106.8	32450.3	25158.3	49012.2	48204.1	32478.9	29157.1
IMTAWLQTWSDTEDKPQGCK	NA	NA	6858.12	13449	4467.93	NA	NA
IMVNAHEATRPTGICR	NA	NA	NA	3310.67	NA	NA	3698.85
INDITANNLSQSTSLVWGGK	NA	NA	NA	NA	8724.05	NA	NA
INGFTYVQTK	49893.3	311760	326924	48344.2	268460	11257.4	41332.4
INIGLTFNER	NA	NA	NA	NA	NA	24020.6	33604.9
INPLIGNAGVSAVPDSAR	71170.5	32708.1	6138.76	31139.8	10446.5	27934.2	62224.8
IPAVYDAVKK	83310.6	161317	82813.6	145027	161409	NA	96317.2
IPEDVAFADSR	72397.2	15069.5	67520.5	49790.7	NA	94498.9	71583.6
IPEGPIAEK	279135	495593	49343	319644	NA	195820	193221
IPEIVECHFTTGPYTMLTK	6199.77	8796.97	NA	NA	NA	6668.39	12812.7
IPFVTAAMDTVTEAK	20335.56	108375	NA	254919	NA	6267.06	65530.9
IPNPFMPDTPQR	NA	NA	NA	NA	NA	44077.6	NA
IPVEFTYDWGVIQK	NA	NA	NA	114533.5	NA	NA	34644.68
IPVSMHNVPEKDIYRPAAWNAFGMDK	NA	NA	NA	13469.1	4073.85	NA	NA
IQDKEGIPPDQQR	83027.4	NA	67712.9	NA	26395.5	74413.7	40609.3
IQEGINALAGYAEIFQR	12608	84663.1	28028.8	49316.4	18149.9	22456.2	47859.4
IQGLVFGTSTPEQK	21702.7	NA	NA	NA	NA	NA	26525
IQHGSAWWFNDHK	43104	112003.7	88310.15	66666.14	188784.1	NA	140670.5
IQITEMSDDKR	NA	NA	NA	NA	NA	1792.36	NA
IQLVGFGTFEVSER	NA	25826.9	164879	41222	34420.6	16928.3	NA
IQNAGTEVVEAK	26803	NA	46109.5	NA	13722.7	NA	12699.5
IQVFEGTVLK	59681.8	124303	242874	264269	123503	120217	97557.5
IQYGGSVKPATLK	NA	NA	NA	NA	91419	NA	1447.56
IRDTDMAEEMVNYSK	123116.84	8129.95	31652.6	347124	62563.98	NA	135606.56
ISCFDVILNNEVTKK	NA	12033.2	NA	NA	7727.71	NA	5186.08
ISEVIDETQVVEGDLR	NA	NA	NA	NA	NA	16745.8	8398.79
ISGVNAVQTSGQPGSAVAVSVR	14352.4	NA	NA	185617	131336	NA	6693.18
ISVAVNKDNVTSGVIASAK	NA	NA	NA	NA	3541.92	NA	NA
ISVINNLLDK	NA	27919.4	11747.7	64610.7	36050.5	16903.2	20982.8
ISYAMFMGQLGNVEAIYR	NA	NA	NA	NA	NA	1819.98	NA
ITDIDETAPDVEWQR	68817.7	508202	NA	NA	51311.5	NA	21247.6
ITDIMFEGTDEDLR	NA	NA	NA	NA	NA	2930.79	NA
ITDMDLPLIPR	36719.7	37476.5	13571.2	28135.4	66900.2	NA	34559.6
ITEAVGKSTNPANYLLAQK	42522.6	176964	120108	38568.3	55404.4	NA	11352
ITFLDTPGHEAFTAMR	14351.8	32904	13649	40000.5	37447.1	16332.3	12335.5
ITIYAIKDAK	NA	19763.5	9712.61	NA	NA	NA	7442.81
ITSIYEGTTQLQTVAAIR	11641.3	4412.2	NA	3786.31	NA	9593.46	9480.75
ITTDMNGHDINNK	NA	NA	NA	1037.22	NA	NA	NA
ITTYDEYLESDEMAR	10653	9924.28	20965.4	NA	15122.2	7145.39	NA
IVFLDTPGHEAFTAMR	NA	26197.6	NA	36256.3	NA	14483.8	NA
IVGLQTDKPLK	NA	NA	NA	NA	NA	3917.04	NA
IVGSMGPIAPNR	19759.8	5011.59	NA	15756.2	18017	15629.8	17414.2
IVGVDLPQNKR	25714.8	115001	18338.9	NA	53302.7	NA	9722.93
IVINMGVGEAK	78040.7	120528	45530.9	280445	139341	172170	102609
IVINQGLGMAVADK	19052.7	19393.4	NA	NA	21695.5	12810.3	13943.5
IVINQGLGMAVADKK	24883.3	31768.2	4871.33	7617.48	24557.18	10910.6	16583.43
IVMEDPDGNKIEGPEFK	29200.9	27093.6	NA	53984.9	34370	NA	5671.6
IVPATCEIVDIAGLVK	NA	4818.95	4862.67	NA	21821.4	NA	NA
IVPTIAIPHPLGNPALEKDEEYALR	6578.96	20381.1	5068.67	84255.6	34258.3	NA	16045.8
IVTIGGGSSYTPELMEGFIK	5820.62	7948.89	10120.3	33466.4	9678.32	36068.1	17051.1
IVVQGGTFYNEAVLR	NA	NA	NA	NA	9991.19	NA	NA
IVWDVGHQAYGHK	NA	9441.65	6276.95	NA	6751.16	NA	NA
IYHISQAIYGGGQPSGEAHAR	NA	NA	NA	20422.4	20687.4	14632.4	7507.22
IYNLDFPDVIALR	NA	NA	7535.31	8913.63	6070.05	NA	4147.05
IYSGGLGMLAGDYLK	12508.2	12305.2	27265.8	NA	8169.2	NA	NA
IYTNCEDMPK	29055.4	38029.3	25128.9	53221.8	39706	NA	22811.1
KAAAELGYPVIIR	6233.35	23018.1	20481.9	4106.82	10324.8	NA	NA
KADLPFLMPVEDVFTITGR	NA	43681.4	7734.66	4554.46	19334.8	237366	38233.9
KAFSLAIDR	NA	NA	NA	40826.6	NA	34372.7	45818.4
KAGEPLSPGANPSYGAEQNGLLASLNSVAK	35726.3	12772.5	NA	16156.2	NA	8613.44	9099.79
KAHPDWNVKPEIMIPLVGDIK	NA	28713.3	NA	NA	58761.2	8916.45	NA
KAIEVAVSDDAK	NA	NA	7277.48	NA	NA	NA	NA
KAISLGVSK	100567	109316	29694.3	124179	33716	8649.04	63656.5
KALVEVEGDIEK	NA	NA	NA	NA	11117.1	NA	NA
KANDMGVICGVTTNPSLIAK	NA	2221.93	NA	2547.47	NA	NA	NA
KANVGGEVLAFVW	NA	NA	NA	3687.11	3545.05	NA	NA
KATGLPAATSFK	NA	11188.8	17267.5	10340.3	14193.2	8465.02	11391.3
KDEGDFVEQTFTK	NA	NA	NA	5081.85	NA	NA	NA
KDFEQDFR	NA	30437.1	86467.8	NA	39697	12996.1	17486.3
KDFVENYIFPTLK	13060.3	11314.9	30294.1	19769.95	31359.3	NA	18416.41
KDGHDEASGIFK	18626.1	91567.4	135036	NA	38928.06	NA	NA
KECNIESGSGVPNK	NA	1635.34	NA	NA	NA	NA	NA
KEEGELSFAAR	NA	NA	15968.5	NA	7759.46	NA	NA
KELSSATTTNINLPFITATAEGPK	15650.2	15992.7	22697.3	28356.9	28799.4	9107.27	11660
KENADAICHGCTGK	NA	6947.06	NA	6074.67	NA	NA	NA
KENLDIAGVMNVLNK	NA	10847.2	NA	7329.19	NA	4238.92	NA
KFGDLENPLLVSVR	164081	332022	35209	122661	67363	6732.63	29926.3
KGDAVVEMNYK	NA	6049.16	9369.11	NA	NA	NA	NA
KGELTVEQGK	NA	NA	12295.1	4997	7293.24	NA	6544.27
KGIITGVHSAK	1506.61	4040.2	4232.42	4437.54	5310.01	3825.31	5138.93
KGNLSIDSENIFPIIK	NA	NA	NA	NA	NA	4523.45	3934.72
KGPFADAHLLK	NA	6122.89	NA	1708.04	7480.41	NA	NA
KGTVLTQMSK	17734.9	27818.6	18008	29325.3	30332.7	8381.4	19548.7
KHVPVYVTEDMVGHK	59187.6	97344.9	54863.2	80575.7	49984.1	48720.3	41038.1
KIDEMGGAVEAIDK	13214.5	16752.9	27301.3	NA	21778.6	NA	7819.45
KIEDISGFTHGVGWCAPQQGACK	56538.14	98523.9	174398.5	79373.3	75317.79	9959.44	121758.1
KIGMTSVFSADGK	NA	39976.5	13786.7	10592.1	15823.8	13544.2	22200.73
KINWLDTTVK	NA	22553.4	NA	52365.7	NA	8412.43	NA
KIPDAIFIVDPK	NA	20354.1	NA	24504.5	30033.2	34621.1	22642.5
KISEYGLQLR	NA	32655.5	NA	NA	NA	21728	20361.9
KITDMDLPLIPR	13512.6	13068.5	4688.91	10283	24977.58	NA	17249.91
KITFLDTPGHEAFTAMR	6773.64	NA	13041.9	8112.76	10270.5	5269.57	9623.96
KKPENPEYVER	29501.8	15175.5	NA	12373.4	19227.4	10073.8	14940.4
KLEMLPIECIVR	56847.3	76499.1	241871.4	139320.6	153472.2	34497.74	67989.7
KLGAEMDLFSFPDEIGPGLAVFHPK	NA	NA	12317.28	3248.46	5466.68	2196.78	5608.17
KLLMVLPEANK	NA	17542.5	NA	NA	NA	NA	NA
KLPGQMGHVTR	NA	7425.89	NA	12498.7	NA	27359.75	19607.14
KNIVAGNWK	NA	NA	NA	NA	NA	10247.4	22993.7
KPAFAVQAK	NA	13107.7	NA	25963.8	14561.5	NA	NA
KQYDFER	40021.4	41464.9	NA	35940.7	54533.9	NA	41180.1
KRPGMYIGSTGER	NA	15651.6	19168.7	NA	41774	NA	NA
KSDIGDIFGLEGFAFR	NA	NA	NA	11016.6	5546.66	NA	NA
KSDLAGASASMDEK	NA	NA	NA	30748.5	17907.8	NA	NA
KSGGITVSHLR	49348.55	18229.5	NA	65828.5	NA	NA	NA
KSGGVTISHLR	33541.7	NA	14584.9	24080.8	28058.9	NA	27175.9
KSIAQILLDEGYIK	NA	27099.7	12557.8	14798.7	18555.7	2273.15	7407.31
KSLEEAGAEVELK	49518.1	54349.6	NA	NA	NA	NA	10110.6
KSLEFAQAGDNIGALLR	14104.7	91232.18	30960.1	50533.56	16042.2	NA	18007.2
KSPIQDDYIEK	10952.5	6299.2	8050.76	NA	6894.93	NA	7397.71
KTGGVTISHLR	514118	1036982	1445923	453866	1357329	22061.6	518072
KTSTTTEIEFNDEHSPAVK	NA	NA	NA	11326.5	NA	NA	4552.68
KVGLGHGNLGK	94956.8	193202	105924	206144	101578	72162.8	120173
KVILAAADTFR	NA	NA	NA	9685.58	NA	NA	NA
KVVISAPAGNDLPTIVYNVNHETLTK	4931.44	16009.1	NA	NA	NA	NA	4719.11
KVVVTGIEMFR	21188.19	5597.74	NA	19349.67	NA	NA	6304.78
KYAFDDEGR	90527.1	8419.24	NA	6753.97	NA	23636.8	80062.9
KYFSVASGGGTGR	37653.6	66172.5	65773.6	39842.2	53732.2	13745.7	43698.4
KYGAPLITNDGVTIAK	13929.6	15926.3	5137.21	6729.02	7118.06	NA	13914.6
KYGVQVIGCPK	NA	11972.2	27798.4	NA	16336.2	NA	NA
LAACNVANAQQCVPVSMTGR	12317.62	3831.64	3227.5	5324.48	3746.07	NA	9352.1
LAAEGVVDGYPDGTYGGDK	54684.7	405726	NA	NA	NA	NA	55020.3
LAAIVTHVADAR	NA	NA	NA	NA	NA	2668.36	15256.2
LAAVHAIADLAK	4939.36	2870.1	NA	NA	NA	NA	2973.83
LACIDCVTDALTKR	NA	5063.32	5726.01	NA	11169.71	NA	9215.37
LAEELAEVLGGVVGGSR	NA	13960.4	NA	2642.63	NA	NA	5297.5
LAEGADVSDYK	24968.6	8604.43	NA	70963.3	32426.9	NA	54012.3
LAIVERPVTAVK	3906.38	2392.8	1468.66	4288.35	2148.77	NA	2865.81
LALHQLVADGR	24009.2	251813	73105.6	NA	89514.9	NA	NA
LALHQLVTDGR	33817.1	127939	16247.3	NA	NA	NA	NA
LALMEGPDFPIALGVIR	4055.58	4176.45	NA	NA	NA	1454.87	NA
LASYGDIFVLDAFGTAHR	NA	NA	31359.1	NA	NA	NA	NA
LATKEDMTSQIATLQAALTTAAK	NA	NA	NA	9735.66	NA	11066.5	27508.6
LATLFYEPSTR	68573.5	64852	38907.7	111571	98137.4	22461.5	53222.2
LAVTYPEIAAMQTR	255604	146403	131964	155405	228885	NA	144378
LCVRPTSETLFCDFYK	NA	7013.31	NA	4816.72	NA	NA	NA
LDCLLCLGGNGTHK	NA	14124.6	17711.8	15137.75	18337.31	NA	11702.9
LDKTNIIHCPIGK	59896.2	83623.5	22258.4	84170.8	33054.2	11423.5	29177.3
LDPVIGRDEEIR	NA	15459.6	20572.7	17749.3	15645.1	7324.53	NA
LEELSGLSAEEAK	56192.9	181339	113687	NA	79137.8	NA	12427.1
LEEMPGEEGYPAYLGSR	NA	4024.34	NA	5280.9	NA	3740.79	4569.45
LEHTIANLDNVSENTSSAESR	55851.2	NA	NA	NA	7748.37	NA	49093.7
LEHTIDNLDNISENTSSAESR	68081.9	75420.2	9125.91	NA	44630.9	NA	161085
LEHTINNLDTTSENTQSAESR	8592.11	NA	NA	NA	NA	NA	1713.49
LETSPEDITGMK	440836	195958	102232	199342	89533.1	64550.3	97894.5
LFADEYPIQAVVNKQDLLDAISR	NA	NA	2979.05	NA	NA	2571.93	3097.75
LFFTPNEQLQDKK	23781.6	29497.3	10026.5	51979.5	NA	NA	22573.7
LFLQFGAQGSPFLK	NA	15619.5	11253.7	NA	NA	NA	NA
LFNDGLGFR	51894.4	19394.7	NA	15864	NA	21670.2	72364.2
LFVTGEPDVVAEFYTRNK	NA	NA	NA	11154	NA	NA	NA
LGAMALFGEK	24664.9	38781.5	21333.4	37656.8	41544.4	10321.6	13578.7
LGAYYTTPYYK	NA	NA	NA	NA	NA	17704.2	27979.6
LGCGNSILIK	24443.7	NA	NA	59366.1	NA	NA	16791.2
LGDVMNAFR	18825.4	39961.3	84535.3	NA	43843	NA	NA
LGELVATHVIPRPHTDVEK	132686.2	459003	157124	701343	414880	87355.7	196990.6
LGENNVFFLPYLMGER	NA	NA	NA	11080.4	NA	NA	NA
LGFLPGDLSQK	91033.4	78598.3	NA	63487.8	44108.8	14989.7	36382.4
LGGDDFDKR	113407	91457.8	12489.9	139992	NA	9593.34	38614.8
LGHIMWEYVGMGR	NA	13731.7	5727.78	NA	18255.7	39649	38159.72
LGHMVEDK	11415.8	59135.2	38747	NA	29422.1	NA	NA
LGIQAFEPILVEGK	131683	176480	168362	194326	170010	61304.9	103982
LGISWDEFIGMGR	NA	27402.4	63778.9	NA	17732.2	NA	NA
LGIWVAHGEGK	22416.6	59174.9	19720	61163.6	46869.6	48164.1	59330.7
LGLVPYGEICGQK	NA	29052.1	15675.3	61218.5	30961.4	9563.91	12601.5
LGMGYGLFELK	NA	16909.5	18253	NA	NA	NA	7561.73
LGNGSHSAVSPLSLINPSDIVSMEVLK	NA	NA	NA	95176.3	56137.34	NA	NA
LGNSEDYDKAFEK	NA	NA	16987.32	NA	7539.3	NA	NA
LGTGEAVAFENIDKAPEER	22453.1	16805.5	NA	NA	14688.1	8667.31	12053.4
LGWGQTGNSNIGGYK	12927	NA	NA	161542	105955	NA	5680.49
LHANGVAIQLPIGQEDTFR	57132.7	71939.87	54629.88	79725.99	127551.39	NA	40495
LHAQDGVDFVTLHCGITR	10632.4	36110.1	39899.3	20678.5	36984.6	NA	17281.3
LHEIFTK	206521	121676	21122.1	172326	71372.3	107420	124274
LHHLVDDK	37909.4	51804.8	54723.3	29772.6	46715.2	17086.1	31215.4
LHLLMVDDHIPAGAK	NA	NA	NA	8385.12	NA	NA	NA
LHMAATCLHYGQEAFEGLK	6525.58	66739.1	101811	17986.8	52473	NA	5377.1
LHQFDKVEIVR	56813.6	82187.5	228549	26140.8	91572.7	NA	27555.1
LIEHINTHPEFIQPVSR	9724.74	14289	7899.97	NA	NA	6342.32	14953.7
LINNIMLDGK	73887.1	185072	58569.4	284630	204938	105092	112787
LIVGGFEGVYEIGK	6829.52	5774.43	6724.8	9637.64	35166.2	5941.09	16047.6
LIVNSDSTLVTYQHFK	1819.59	3239.23	NA	3585.48	3838.14	NA	2143.73
LKAHDENNECNIGDTVK	4725.51	32327	8438.18	68404.9	27670.6	7722.04	7002.12
LKEDAESYLGEK	NA	NA	10809.1	NA	NA	NA	NA
LKNIISGGVVEK	8312.59	11184.2	46381.6	13504.8	24502.9	10698.1	13293.3
LLDEAQAGDNIGALLR	1359610	1647970	723036	2513630	1918780	1413120	1379620
LLDFAFNTPADPLR	NA	11889.2	NA	NA	NA	NA	20390.6
LLDQAIAGDNIGVLLR	18577.2	NA	3212.57	NA	NA	NA	8654.03
LLELGAPDIIVR	214726	474571	237550	508652	444939	131565	302328
LLFDDIPYLK	7133.28	6560.76	6768.8	9173.49	13358.6	NA	6049.56
LLGAQIIGYEGVDKR	NA	NA	NA	10560.2	NA	NA	NA
LLYAYGEATVPK	68855.4	61813	33144.8	57110.6	56166.7	66198.9	96021.8
LMPGTPMVAVFDTAFHQTMPEK	NA	7607.32	NA	NA	13506.7	NA	4559.78
LMSELPFMATENIMMDAVK	NA	5753.58	6424.39	5172.73	7772.49	NA	3240.12
LMTGSQLNCGFANITTDTK	11234	15761.57	11542.3	NA	NA	36692.55	18027.74
LMVTGGVEPTQENLTSWIK	8479.27	16255.6	5985.28	4830.09	NA	10903.7	20290.3
LNEDQQMIHDLAK	NA	NA	NA	17723.76	13839.74	7390.49	13032.87
LNEPVEIVGIKPTQTSVATGIEMFR	NA	NA	100416	NA	NA	NA	4187.34
LNIPLMSAGMDTVTEHR	33719.5	18380.2	8302.19	24577	16355.3	6565.23	28222
LNIPMLSAAMDTVTEAR	NA	NA	15116.4	NA	NA	NA	NA
LNKVEEVMNAVYAK	NA	NA	NA	31768.8	NA	43374.8	25484.6
LNPSIVFDYGNK	20153.1	13185.9	NA	23401.5	NA	NA	NA
LNPSVENQWYLINQR	11658.4	NA	NA	NA	NA	NA	12535.8
LNSAIAQAYYAK	45166.7	NA	NA	23780.3	6894.56	7445.34	11119.3
LNTHIGIGIPWDLDR	NA	57322.8	14934	51269.2	44550	33267.7	31741.2
LNTMILLNEK	NA	21570	NA	55996.3	17660.3	NA	42959.5
LPGLVYDNVLK	NA	14388.9	NA	NA	14385.9	NA	NA
LPIGTMEVVDNFPYQALR	NA	NA	NA	NA	NA	2794.35	NA
LPNPFMPDAPQR	48573.4	88672.7	57965.1	47739.5	59841.3	NA	44251.6
LQQQLEIEEK	NA	12044.6	NA	19535.7	17346.2	6931.99	NA
LQSFIINHAEK	31685.7	12055.6	12004.7	33843.1	NA	74512.2	65240.3
LREDTQYDYK	19433.8	24565.8	12538.2	18924.4	NA	NA	9203.07
LRLEDALAATR	33214.5	65065.8	31141.2	124269	51138.3	18528.9	25250.1
LRPIINNDR	NA	6474.49	NA	8686.79	NA	NA	NA
LSAMVPLSEMFGYATNLR	NA	15409.4	7727.73	22104.5	6230.04	NA	5343.19
LSDSFETAAAILKK	NA	3986.01	NA	1094.53	NA	NA	1965.31
LSFFWNAHNNVLEEVAK	13827.5	125142	236238	42801	348826	39690.9	138337
LSPINQILVER	NA	NA	22077	NA	13660.3	NA	NA
LSQMQNTQFQLADMHTR	39404.9	64528.54	48142.33	29915.5	35973.2	NA	31859.7
LSTTITGLEMFR	132516	74838.7	86002.9	97986.6	174828	NA	NA
LSWTQVETGSAITWK	NA	14456.1	15972.4	NA	13762.7	4407.26	NA
LSWTSEEVDAK	NA	22367.4	NA	NA	34208.4	NA	29199.7
LTDNFGFTGDFTYIVQHPK	NA	5666.75	5918.54	NA	24687	NA	17281.1
LTDTFMGFHCGNTPSCK	NA	4254.73	NA	NA	1947.31	NA	2748.88
LTGHLGDTADVSAFYLKPTHK	5078.49	57791.7	NA	73785.1	NA	NA	6493.53
LTLCNLSIEMGAR	NA	19866.2	49137.2	NA	23549.9	NA	NA
LTLTGNLGDVMK	NA	22420.1	22474.5	NA	19213.9	NA	21554.3
LTVAGMGDALATYFEAR	NA	NA	NA	9773.54	6436.41	12029.1	13718.8
LTYQPEGGEK	NA	NA	NA	NA	NA	32357.2	25672
LTYQPEGGEKEK	NA	NA	NA	NA	NA	11132.4	6937.46
LVDVSQHMIVR	NA	14890.1	27855	NA	12494.5	NA	10008.9
LVEDGIVDGWDDPR	NA	22965.9	37031.7	26963.5	23621.5	7519.66	19736.9
LVEEFMLLANR	NA	40308.1	54591.9	NA	NA	NA	NA
LVHVSTDYVFSGR	18196.5	30011.6	30004.1	36134.9	37237.1	NA	33619.9
LVMELTFDKGR	NA	13820.9	10741.7	NA	NA	NA	NA
LVNIDTYLAEVTK	11727.7	18084.1	14499.6	388282	31707	NA	48638.3
LVNQGMIQGR	42000.7	56543.9	108182	NA	75161.9	15752	28833.9
LVNQIMYDGKK	18313.56	11329.43	NA	17240.92	NA	NA	2436.55
LVSGVDIWLNTPTRPLEASGTSGEK	NA	1953.51	NA	NA	2342.83	3832.26	4749.18
LVSGVDIWMNTPTRPLEASGTSGEK	NA	24666.9	38429.3	6476.31	18036	7270.08	9197.65
LYDTLTGIQMGR	129396.1	150246	32499.3	213993.9	49823.1	36217.39	65365.1
LYLCATPIGNLEDITLR	NA	NA	NA	6354.6	NA	NA	NA
LYLGNLDSLR	36154.7	75749.6	158086	30585	72585.4	60052.8	26969.7
LYLSPQCGFASCEIGNK	22009.6	13468.5	18207.6	19643.3	NA	9255.67	12420.1
LYTNCTAAVLR	24975.7	14876.4	14484.9	41510.6	31783	13340.9	23837
LYVDTLNMIHYMHDK	NA	19082.54	NA	32304.98	25598.9	50911.68	39197.42
LYVVDAFCGANK	222098	84785.6	98483.9	175505	122269	65017.9	132778
LYVVDAFCGANKDTR	30354.9	23299.1	27528.6	42778.1	33022.3	12779.9	33062.8
MAALSEIQWTMPEKK	NA	9862.99	NA	5585.56	NA	27628.31	29422.1
MAEMTLAAAYYTTNSAR	NA	5251.54	NA	NA	NA	NA	3066.59
MAEQACTTYGYQPSEK	4294.11	8216.86	2230.71	3528.79	4042.63	NA	4529.33
MALNDKNEIIAFEFLNLGK	NA	5567.77	5841.74	NA	9179.61	NA	3267.86
MCPIETPEGPNIGLINSLASYAR	NA	6681.66	NA	NA	NA	NA	NA
MDDVVFEEFK	NA	11865.5	40373.3	6575.15	13378.4	NA	9633.85
MDEVIFEEFK	6700.9	27057.2	22852.8	6635.54	12199.2	NA	8769.91
MDKNISFTLK	25604.7	75975.6	6631.24	40904.37	5832.57	32488.07	51756
MDVIGNNIANVNTVAFK	22262.5	23559.1	8236.23	101045	13376.5	NA	37981.6
MEAVIDDPFILITDKK	NA	47252	NA	126310	50537.4	17434.2	22341.4
MFEVLGFTPER	12106.8	54373.6	122265	NA	37145.7	NA	NA
MFSGEALFQNR	NA	NA	NA	15881.3	16061.6	NA	10592.5
MFYSIYDNGAK	57433.1	54793.2	26208.7	83127.7	46155.2	NA	71685.3
MGDPETESVMLR	NA	NA	32822.9	NA	20248.1	NA	NA
MGGQMGGDR	NA	69458.1	35490.5	9249.33	38867.1	7479.94	NA
MGIDELSVSPTFVLPIR	NA	2571.75	NA	NA	3950.92	NA	3070.9
MGNTVLLATVCAAK	22099.3	42269.5	27055.3	NA	24304.7	NA	NA
MGVEETGMGNVGHK	NA	NA	NA	NA	NA	2638.929	NA
MGWFDCVASK	15439.2	37266	10303	40964.3	30094	15506.8	22284.3
MIADLGIDFLAAGIGNIHGK	NA	109467	10932.5	16242.3	20400.39	69086.48	28644.3
MIQIQPWESSLIK	12880.7	NA	NA	21557.3	NA	2706.6	NA
MIQMVVENAHK	NA	NA	NA	9574.43	NA	NA	NA
MIVQHNITAMNANR	68037.51	92153.54	NA	NA	122985.7	NA	49239.1
MLNLPLEEIKK	NA	NA	NA	14431.42	NA	NA	NA
MLVSATEMLK	88304.4	90900.4	255095	61753.9	145766	18627.6	107635
MLVSATEMLKK	74246.5	100390.09	83998	21786.42	37058.69	2948.81	63039.66
MNAYVASVIDYVK	14486.1	17981.9	22654	14141	29373.6	NA	9226.79
MNELATQAANDTNTSTDR	154759.2	NA	NA	NA	NA	NA	NA
MNELATQAANGTNSK	6452.86	NA	NA	NA	NA	NA	17324.21
MNELAVQASNGTNSESDR	NA	NA	NA	NA	NA	NA	3115.61
MNELAVQGANDTNQSIDR	59545.7	28793.53	NA	NA	33309.24	NA	21950.61
MNKYELALVVNAK	NA	NA	NA	NA	2193.68	2889.79	2554.91
MNQISPLAFVHPEAK	NA	12445.5	15416.9	NA	6814.8	NA	NA
MNYCPLGSGALAGTTYPLDR	NA	5778.75	4245.17	NA	NA	NA	NA
MPDLNAASIEAAMSMIAGTAR	NA	11408.18	20907.75	5089.95	16552.21	2280.95	7003.98
MQAVINLYSALGGGRE	NA	NA	NA	NA	NA	6706.4	8462.74
MQITDTIADLLTR	80377.6	198089.2	NA	376044	6774.12	6357.92	64529.9
MQYSQEVENMCPVAK	NA	1446.36	NA	NA	2951.67	NA	1465.7
MTTPLVEMDGDEMTR	4819.95	NA	3298.16	NA	NA	NA	NA
MVAVLEEPLILITDKK	7831.79	NA	NA	20469.1	NA	NA	2959.88
MVGEIEKHHEER	14534.3	37129.5	13141.9	17467.7	13488.8	10124.9	50632.6
MVMNDNTWYIVR	NA	6509.71	NA	5214.37	NA	NA	NA
MVVQHNLQAMNANR	26856.2	NA	NA	NA	NA	60039.57	13570.8
MWVNTYNDLPAGAPFGGYK	3962.46	NA	8803.21	NA	4138.1	NA	NA
NAIADACTGSNPR	327340	302081	143963	372028	189857	8625	197438
NAIGDACTGSNPR	36386.1	21189.9	19206.2	106350	45565.4	NA	14414.9
NAIIIAPHPK	17917.6	31338.3	8766.96	33401.9	31049.6	NA	32924.5
NALTTLPMGGGK	164856	163820	65411	63187.3	149970	60642.4	181176
NARATLSILTITSNVVYGK	NA	47996.8	NA	68509.4	17914.9	NA	46086.8
NCGHIVVGEK	7581.55	4820.42	3473.86	3937.22	NA	NA	6260.95
NDQTVNNAETLTADLHTETETVNAK	NA	14392.3	NA	NA	4670.08	NA	NA
NEASEDSVWWTSDEYK	NA	NA	NA	NA	NA	6298.63	8481.38
NEASGEMHGLIR	4287.42	2021.44	NA	3689.01	NA	NA	NA
NEITPGNFIFR	246122	157728	136161	155471	83263	43289.3	91758
NFKDVVIVPSK	12394	42280.4	106797	16658.2	35183.5	NA	11550.5
NGADQMVFQTEK	12549.5	4730.37	3513	4793.14	9189.46	NA	4806.33
NGDASYQDLVAK	NA	NA	NA	13736.7	NA	NA	NA
NGDGSIDENDRYFYK	31993.24	NA	NA	NA	73853.15	NA	NA
NGIIISPHPR	426197	248120	198750	415297	NA	92147.2	180676
NGLVTTIAWGLDGK	NA	18385.1	NA	NA	27179.2	NA	16700.5
NGSAMLFVSSK	89342.3	191284	117043	107697	253145	NA	55926
NHGPFTWGK	NA	NA	24284.1	18509.2	NA	NA	NA
NHMEAWSEQR	NA	NA	NA	NA	20438.3	NA	NA
NHSATHLLQK	4516.5	17853.2	16355.1	14399.6	12917.6	4838.78	6695.19
NHYAAEYIYNAYK	15319.8	65324.7	24313.9	17523	69906.3	33014.6	49142.6
NICFPMELAGVK	NA	NA	NA	10375.8	NA	NA	NA
NIIASLHEFNPMMGHR	9207.7	7841.58	NA	9111.32	NA	NA	NA
NIIPPAAIQEAMEK	6032.96	6459.44	NA	NA	4809.21	7798.75	7582.83
NINLVADMLK	27814.7	45070.6	13916.9	19224	NA	30483.3	27634.4
NIPCTVIEVGPCVVTQIK	NA	NA	8470.94	NA	17673	NA	NA
NIQLGYTLPK	82266.8	245154	NA	100174	74428.5	NA	72962.4
NITASNVAQVYAVAQK	NA	NA	NA	7094.38	NA	NA	6713.15
NITRYEMAQIIAR	NA	6834.67	NA	3839.19	NA	NA	NA
NKAELHQLFFDLR	NA	47753.3	38575.1	10662.6	19767.5	NA	5555.59
NLAIIVESAAVNHR	NA	7971.56	2633.76	51239.8	20422.1	18601.9	13280.8
NLAVVLETAAINNR	NA	NA	8060.51	NA	12017.8	NA	NA
NLDINNFQLEAIGAGAYVTK	NA	NA	NA	NA	31543.2	NA	11309.5
NLDTLLHPQFDAAALK	103993	181986	142173	248945	152757	40265.1	77112
NLPQVHTIVR	22300.4	45396.5	26790.7	89617.5	63057.7	8165.01	22954.5
NLTCIFVDHGMLR	NA	NA	8683.8	NA	NA	NA	NA
NMITGAAQMDGAILVIAATDGPMAQTR	NA	23863.7	NA	16494	44071.4	11818.4	24056
NMITGAAQMDGAILVVAATDGVMAQTK	47755.72	7509.18	3822.35	73976.6	107577.4	85383.9	68276.09
NMITGAAQMDGAILVVAATDGVMAQTR	4040.07	NA	NA	NA	7889.99	1251.41	3752.23
NNDETIATLYER	NA	NA	NA	NA	NA	NA	7942.44
NNGIGTIADVVINHR	NA	NA	NA	NA	NA	NA	4472.22
NPDGTGVLAGLTNVCDVVGYKK	NA	NA	4615.67	NA	NA	NA	NA
NQADQMVYQSEK	NA	7956.48	3463.05	NA	5823.51	NA	NA
NSIAQIAPHYTMK	NA	14353.7	9918.69	13693.2	6199.1	6794.66	12336.7
NSIATIAPHYTMK	24436.77	28939.79	63233.7	15738.2	158254.9	NA	15059.55
NSLTGLPIGGGK	1167210	648518	261422	1667060	1041100	650677	794974
NSLTTLPIGGGK	288330	216211	234041	237781	233642	72593.3	371915
NSLTTLPMGGGK	213861	92876.5	38255.5	90864.3	121189	75240.1	179038
NSSFDYLAMQFR	NA	7950.9	NA	NA	NA	8498.24	14358.3
NTLDLAGVVMLHK	NA	4370.39	NA	4791.41	3133.23	NA	3004.2
NTPYAAQMAAEDCAK	51830.1	37557.1	19887.72	10667.65	27836.7	NA	3669.94
NVGEIENASGVGTVGNAK	18769.8	20425.3	NA	50338.3	24874.1	17899.3	12123.3
NVVDNLFLGR	69709.2	78620.8	152783	NA	89594.2	NA	64465.3
NVVLLGHGGAGK	64411.5	176083	50421.8	579072	199659	205699	92139.2
NYQNDGDSIYR	52012.5	170685	NA	26631.5	7255.17	NA	24538.8
PTFNQLVR	570903	1350640	778614	1119580	1272780	201151	448849
PTINQIVR	174170	265270	252838	109676	621533	125601	182527
QADEYKVPR	29841.3	67561.7	44400.9	47456.7	60824.2	6897.29	28918
QADREGYPEIAEAYK	16696.4	25264.9	49742.88	NA	44817.3	NA	NA
QAIDGDTAQVGPQIAEK	208555	352135	133772	205377	272011	2759.08	86124.5
QAIDGDTAQVGPQTAER	12948.6	112268	NA	NA	13099.1	NA	7993.31
QAIDGDTAQVGPQVAEK	8575.55	18005.5	3781.31	1242.48	5654.95	3430.63	3919.43
QAIQDEIDQLTTEIDR	14727.8	6620.82	NA	NA	NA	NA	55607.5
QALFEFGGPELNVIMAK	NA	NA	NA	NA	8149.7	NA	7592.2
QAWFGCACCPSNICR	NA	8209.4	9870.37	NA	6185.23	NA	NA
QDAEGMANGIAYLAK	NA	NA	NA	NA	NA	4331.18	NA
QFTISEGHLIVRPDQMVK	NA	9345.48	NA	26241.2	10745.1	NA	NA
QIAENPILLYMK	NA	NA	12533.7	NA	NA	NA	NA
QILDFNGSGLSLMEISHR	NA	22899.8	41915.4	8102.53	19297.3	NA	5592.96
QINDEIMAQIMDGVKK	NA	NA	6810.72	63366.3	22165	NA	NA
QINDEIMAQIMEAITK	NA	48000.6	12968.97	128748.4	41108.8	9302.76	8758.76
QITNIVDGVRPK	NA	NA	NA	NA	4525.17	NA	NA
QKHNVIMTPNTYLYFDYYQAK	NA	21397	NA	8456.94	NA	NA	4472.23
QLEALGFGNCPICVAK	46549.2	94064.7	27965.7	181561	83244.8	19303.2	49863.1
QLFGESEGKDNK	25913.4	30857.5	20627.5	32145.2	31550.1	2377.29	24943.2
QLGISPDALVLR	17388.6	NA	63055	23727.9	25287.1	17544.7	31264
QLQNFSQEVINVICHYR	NA	NA	NA	4263.14	NA	9883.58	NA
QLTCVFVDHGLLR	23607.44	68218.9	63462.8	82300.6	59119.1	8982.76	35065.5
QNVVLATIEGLR	37229.7	178019	46051.1	347719	164806	57701.7	60246.7
QNYSYAGVIEALSGAPFDVR	NA	NA	NA	NA	NA	6967.19	2120.98
QNYSYSGIIEALSGAPFDVK	NA	9112.26	8080.71	NA	NA	NA	NA
QPFPGPGLGVR	49655.4	30673.6	15149.1	52014.5	38183.1	16951.8	35977.6
QSVALSGLTLAESFR	NA	39155.3	NA	NA	NA	NA	NA
QSVNEPLQTGLKAIDAMVPIGR	NA	10141.7	9612.89	NA	20096.2	NA	7868.83
QVATSVAVNDEDVAAFK	11659.6	19159.2	7624.13	NA	18727.7	NA	8745.06
QVGDSVDAADKSAVEADIAAVK	12332.5	19898.8	76623.3	13165.3	33769.4	NA	17608.6
QVNIPSYLVK	99101.2	169160	23442.9	303810	130671	268952	127694
QWWDITEEDQK	NA	56787	12735	88189.7	38460.2	14356.4	22296.8
QYFGETDETVNAK	14432.3	8983.12	NA	15705.1	NA	20890.4	15975.7
QYFGETDETVNKR	89164.4	40862.3	NA	58684.1	NA	NA	23738.35
RDGHEYEQTFR	NA	NA	NA	NA	NA	9671.52	NA
RDGWMAEHMLVLR	NA	4219.22	NA	NA	13735.3	NA	NA
REDGTYIR	42872.3	43735.1	7725.42	92092	NA	4534.28	15009.2
RFDFSVIGGPHFSSDTK	NA	18122.4	NA	7864.55	16900.8	NA	NA
RFEEHLQHEAETR	NA	NA	64082.4	NA	NA	NA	NA
RGLITEEER	NA	NA	NA	3921.66	NA	NA	NA
RGVDTYWLDKPLR	NA	10299.5	NA	6104.44	4890.15	NA	3857.02
RIDQINAALAK	31527.2	31642.2	18940.4	60697.4	11576.2	93872.7	62983.3
RIEEATGIETR	NA	NA	NA	NA	NA	6865.72	NA
RIGGATFQVPTEIRPDR	NA	72843	34854.5	NA	23066.6	NA	NA
RIGGATYQVPIEVR	NA	5302.6	NA	7074.47	4377.84	2493.42	NA
RIGGATYQVPIEVRPER	NA	27016	22903.9	18956.4	20382.2	5443.47	NA
RIPVQYAK	42833.9	27275.6	44520.7	19671.3	35229.2	NA	15348
RIPVQYSK	NA	13151.4	NA	9970.65	NA	NA	NA
RLDMMNLR	NA	NA	NA	NA	NA	NA	17330.5
RLIVGGLER	NA	16017.1	16111.6	29064.1	26220.2	NA	19823.5
RLLELGAPDIIVR	19075.2	72976.06	42590.8	72526.81	80772.69	18006.1	57953.3
RLMDIGCYR	NA	25134.3	14762.9	NA	14365.8	NA	NA
RLPDAIFVVDPK	35874.6	61869.8	227017	64700.2	117707	NA	58700
RQLPDELAEK	NA	8364.85	NA	12935.2	NA	NA	NA
RRPYSVILFDEIEK	NA	8272.11	NA	10107.1	NA	NA	NA
RSEAELPAR	10537.9	14323.9	17457.6	21278.9	17273.6	6813.07	11430.7
RTFAIISHPDAGK	NA	15460.8	12254.9	19411.7	22123.1	12372.1	16290.9
RVELQNSGEYDK	NA	NA	4278.22	NA	NA	NA	NA
RVGGATFQVPTEIRPDR	NA	8464.37	NA	NA	NA	NA	10517.7
RVVLTANAQK	4285.73	16256.2	NA	52450.6	19755.1	21279	9130.16
RYAFEEAEHASK	NA	26442.7	19380.2	11824.1	NA	NA	12826.8
RYGFHGTSHR	NA	NA	NA	NA	33139.3	NA	NA
SAAELNEELVAAK	65030.2	156207	70535.9	394565	188552	70078.1	81023.6
SAGVAGVIRPSK	55845	156658	NA	NA	NA	3565.93	25605.3
SAILNIAHSGK	NA	7957	NA	NA	NA	NA	6360.33
SALEIWKK	NA	25888.9	13064.6	NA	NA	8229.59	12273.8
SALQNATSVASTLLTTESAVAIIK	NA	24050.2	8880.54	54244.8	18500.5	4808.86	4195.4
SANAPGSVDAATK	12613.1	20452.5	NA	12848.9	NA	NA	6630.51
SANVLIQNDGTMIPDGDEK	NA	7923.96	NA	NA	NA	2564.92	3330.83
SAQTQSNEPAEPSFR	NA	NA	7586.52	NA	4632.6	NA	8021.88
SAWDYGPLGVALK	NA	NA	52598.1	20347.8	26067.8	17969.5	27732.6
SCEMNFTNEGGYAGR	NA	NA	NA	3655.44	NA	NA	NA
SDFPNQINNVLAFPGIFR	7501.4	28579.6	27922.5	67475.6	16951.2	33886.1	21223.2
SDIEIAQECTMEPITK	9707.99	10686.6	NA	27536.41	19741.79	100271.1	20768.89
SDMPNQVNNSSVFPGLFR	NA	12210.4	20589.4	6270.49	NA	NA	7273.59
SDYCQVCGYDGEIK	13665.1	29686.7	33911.9	18967.3	17514.7	NA	9098.87
SDYPNQINNVIGFPYIFR	NA	118872	137476	10458	42540.8	4051.34	14972.2
SEAELPARAEEVHHAK	NA	12309.6	NA	26777	12627.2	3402.03	5114.29
SEHGFDTNIGDR	14693.2	33870.2	11957	NA	12540.2	NA	5069.4
SFGAPLITNDGVTIAK	389050	NA	NA	NA	NA	NA	NA
SFNQSAWEGLQAWGK	NA	NA	NA	NA	25343.4	NA	NA
SGAPRPGFEGGQMPLYR	90972.1	334253.1	424261.6	51452.16	382318.8	33704.1	76103.07
SGATRPGFEGGQMPLYR	55038.4	53546.2	271557	28876.5	51922.4	27123.8	26196
SGAVDIVIVDSVAALVPK	NA	10931.9	5327.4	20606.5	9671.41	1978.28	8816.96
SGAVELSKEDVAK	17656.3	NA	NA	NA	NA	NA	35071.2
SGDVYVPDDSKETGIGATR	133786.89	12020.9	NA	NA	NA	NA	68318.58
SGGGVRPGFEGGQMPLFR	NA	7506.25	3707.54	2449.95	8383.94	4765.18	4221.52
SGGSIRPGFEGGQMPLQR	76631.6	116187	NA	99867.4	3654.16	NA	11204.4
SGLLGISGVSSDKR	129287	NA	41852.3	18653.5	228204	NA	55395.2
SGRPGPVVLDFAK	NA	NA	7003.93	NA	NA	2811.04	5699.47
SGYVGNIIPR	113126	48992.4	2174880	22559.5	38133.6	29151.1	78272.8
SHHNVGGLPEK	NA	6280.98	NA	NA	NA	2444.94	NA
SIFALDGTTIVK	NA	NA	NA	NA	NA	18944.6	11250
SIIWSSHDEEDLHK	NA	NA	NA	NA	NA	25066.9	8376.32
SKPHVNIGTIGHVDHGK	377761	340767	214815	173522	498738	63638.5	169365
SLDEGQAVTYDLTEGAR	21283.5	29142.6	51448.2	123853	19457.4	20171.2	14196
SLDEVEAIGHR	13517.9	9500.08	NA	11741.7	11682.1	78973.7	14168.7
SLETVIEQHPEYEK	11649.3	NA	NA	NA	NA	NA	5165.67
SLGLDPIYLGIDKK	18517.08	86009.9	12952.89	272206	97318.5	30053.4	31927.1
SLGLDPVYLGIDKK	NA	NA	NA	NA	NA	30312	5996.56
SLGSNTPINIVR	34765.2	28852.8	23203.8	21871.4	547495	15965.9	40584.5
SLGVFHLDGIAPAPR	47738.7	67854.8	62446.6	58186.4	99015.2	NA	36741.3
SLIHNMVVGVSEGYTK	NA	86366.04	11545.2	210597.25	84932.1	27270.9	29269.54
SLNNASQNNISIDK	72956.3	81704.8	495262	41436.6	299085	NA	NA
SLVDDEKIDYCK	NA	NA	NA	NA	NA	5789.77	NA
SMIGGYGHDDR	NA	NA	NA	3320.18	NA	2814.85	NA
SMKDVAPEERPK	NA	11220	NA	21440.65	9535.38	NA	NA
SMLEQILSDIYK	NA	4927.68	NA	NA	NA	NA	7414
SMSDVDPEEIESITVLK	19011.8	NA	NA	NA	NA	NA	4860.21
SNDIMMLLTK	NA	17288.9	NA	NA	17445.1	NA	NA
SNGVPEEYITGDKPDR	71160.7	41657.5	26443.3	34378.9	59615.6	NA	63980.4
SNGVPEEYITGDKPDRER	NA	11214.5	NA	NA	7293.66	NA	11065.5
SNLFQGSWNFER	NA	NA	169612	NA	NA	NA	22992.2
SNNHMYAQIIDDTVGNTLVSASTLQK	NA	29209.1	4214.9	22966.8	36187.2	2110.39	10627.3
SNPLGLAEFTLSR	28746	65369.2	47750.2	70454	84050.4	12361.3	26912.6
SNSPALQYGLNTLK	11220.5	25735	15363.7	14355.3	36607.8	NA	7878.51
SPALLLDQILAGDTR	NA	13235	NA	6317.41	NA	NA	NA
SPEDMHWR	13633.1	9035.38	NA	NA	NA	NA	7232.06
SPVILQVSK	326749	898704	2720970	115329	651981	207538	318177
SPYYINQADFVACHNPAYIHMGMK	31880.59	93291.35	62222.42	37680.34	74004.55	NA	32407.48
SQDGAAMSFGR	32931.4	NA	69845.3	19779.4	21401	21725.6	39841.5
SQIAHGETVR	23597.4	40929.9	44564	62927.8	36417.3	11621	23396.2
SQVGTLYGTLAK	316638	328828	66937.7	129668	39034.6	259081	302014
SQVGTMYGTLKK	11561	31583.07	6733.77	46870.77	27212.16	17427.17	24743.85
SRDEEIDYAEAHNIPLK	14737.2	17602.6	9303.1	22109.4	16737.9	NA	10450.8
SSAASNAAHASELK	1799.24	1025.43	NA	2378.68	NA	NA	NA
STAVMSTGSIDDGVTGK	NA	2982.81	NA	11023.2	NA	NA	4195.72
STGPYSLVTQQPLGGK	224706	221682	187783	123700	172141	44464.4	102165
STIFPQMVGHTIAVHDGR	NA	17511.8	NA	NA	11058.3	NA	NA
STITGMILDVPIK	NA	NA	NA	3394.13	2803.46	NA	NA
STLAYTLAGHPK	10540	NA	26285.9	14752	14941.1	21028.8	19488.3
STSFTNPYWWAEHNEYLQHTNR	7608.38	27485.6	NA	3236.66	NA	NA	36475.5
STTLAAMIDHVNLHK	11498.5	13227.1	NA	NA	NA	NA	5616.02
SVAHITGGGFYENIPR	44310.51	30674.56	36709.91	43950.7	64809.7	NA	34785.7
SVGELLQNQFR	171141	155283	117237	78060	158426	20162.2	107659
SVNMINSLQGK	59023.2	41325.5	25341.9	22476.6	NA	41664	73799.1
SVSQQAIMEER	10833.9	NA	NA	NA	NA	4125.29	14000.1
SVYISGLPYSFENSR	NA	12998.3	NA	13178.4	NA	7060.01	19281.5
SWIIGLQEYR	NA	129766	34172.9	113330	97274.1	34980.9	137187
SYDHNLVDK	30145.6	75860.6	27451.2	9054.82	11278.2	17062.8	27181.1
SYDHNLVDKSAEK	NA	11501.8	NA	NA	NA	NA	NA
SYTPQEISAMILQK	108653.33	65944.51	22208	147994.7	52602.28	7648.9	30667.14
SYTVTDNETGNQLEIDNK	2427.42	4935.38	NA	NA	3431.99	NA	NA
TAATVQENAEDIYAEAKQINEDR	NA	NA	NA	67730.4	NA	5672.3	9276.18
TADKGDLIIPVVITVYADR	NA	66801.88	22284.7	80041.12	57666.8	104402.67	57848.09
TAESGVVVDAGTWENNER	NA	NA	NA	6839.88	NA	NA	6079.72
TAETYSEVVEGMMFDR	22135.49	10749.05	NA	19703.97	NA	3867.23	NA
TAETYSEVVEGMQFDR	16161.2	10481.7	3751.83	6577.5	NA	NA	NA
TAGQGFGSAGQYMDVLLK	NA	NA	NA	7204.57	8150.68	NA	5308.27
TAIALDTILNQK	37644.7	54255.1	NA	22308.5	28076.2	NA	36839.2
TAMEAVYGLLGVDR	20282.3	105862	25346.8	121859	45177.3	13936.6	65254.2
TANLAGAHGVIIPK	NA	NA	NA	NA	4623.81	1872.01	1655.88
TANLLREEGLNIIHLPK	4851.61	14068.5	37069.4	18592.5	7734.13	4781.72	12625.1
TATSDQAQEVCGAIR	101561	94895.8	382075	NA	127441	NA	100491
TAVAIDTILNQK	36105.8	NA	47740.8	38002.8	54131.2	23973	NA
TAVQSGSIDEIK	47763.6	24025.7	23297	51169.6	29936	NA	19758
TCEETQPICFENAK	30373	127325	14455.4	29185.1	8978.52	26163.4	37839.5
TDDIDHLGNRR	11412.4	7379.52	1973.4	NA	26173.6	NA	NA
TDEEGYALLK	NA	18944.4	10979.4	28600.9	NA	NA	19257.4
TDEETHSVASTFPVHE	NA	72744.9	NA	NA	88005	NA	NA
TDGAMDAGNLLKPMLAR	NA	14245.6	15242.7	NA	16729	NA	9090.56
TDQVDDPELLELVEMEIR	18053.94	181164.96	5619.11	327071.5	14037.08	4565.83	41617.52
TDQVDDPELLELVEMEVR	NA	8950	NA	NA	4580.94	NA	NA
TEFDVELTEVGPNK	14279.2	26496	47466	13779.3	25515.6	NA	19594.1
TEHMFFAEDR	219860.3	499155.4	350590.3	442510.7	450402	NA	309337.3
TEHMFFDPER	267110.5	616041.8	551361.3	89823.49	227657.2	NA	200148.6
TEHMFFEADR	176725.7	86387.7	104471	81720.1	NA	16418.44	22758.7
TEHMFFEGDR	18585.9	90304.3	36438.3	20476.92	42335.9	56351	44522
TEHMFFEGNR	56176	38810.3	7102.58	52687.1	69523.9	44059.4	53208.3
TEHMFFGEGR	43628.1	72200.1	8478.97	203022.5	81257.9	29903.93	34162.4
TELDLVEGMQFDR	72145.9	38555.3	NA	28661.9	23018.3	18111.4	29103.3
TELLETIFGVR	NA	74700.3	22801.4	60467.7	13700.3	NA	9545.72
TESMHGAGSPQAQR	11235.2	14190.2	18730.7	6061.43	23100.3	5440.23	12365.8
TETPVVSNNSAHR	53671.2	65831.9	93285	82638.2	48955.3	32400.9	54260.6
TEVNHPASGITSFTYDALGNVLTK	7592.28	27761.8	NA	NA	NA	NA	4176.59
TFDPMDAESNPEAPLSR	NA	NA	6767.77	5332.57	NA	6187.87	NA
TFGCGAAIATSSIATEMIK	11933.9	11808.2	NA	11179.9	NA	NA	5268.44
TFGSGNSDYGYTTAVGLFK	7534.66	NA	NA	13527.1	10173	NA	16144.3
TFQGVTEDAK	148247	105980	95003.3	116472	134594	88129.4	101832
TGEISIHAEK	11004.5	18211.7	NA	15840.7	13127.6	4757.58	8598.41
TGEYFDSPVTIGFMHYLK	NA	NA	NA	NA	NA	1927.55	5583.11
TGGVTISHLR	NA	26080.7	61805.1	10284.2	42563.9	NA	11048.8
TGLVIDAYFSGTK	NA	29335.1	NA	17438	42331	NA	33911.6
TGVDSLAIAIGTSHGAYK	17256.4	NA	19689	NA	20486	NA	NA
THGIHAEPMTFGMK	NA	12160.9	NA	NA	15469.4	NA	NA
THYYGGIR	117678	99302.7	54948.9	78043.2	146391	18755.1	145020
TIAIIGYGSQGHAHALNLK	49447.6	158456.39	156061.09	180469.82	134223.33	NA	145390.11
TIEEAMEVTNK	NA	27023.8	NA	51859	21493.3	7436.04	NA
TIGILTSGGDAPGMNAAIR	17839.8	19498.8	22341.7	11164.6	19658	NA	NA
TIGVGLQSFCIPGSVADDR	NA	9091.99	NA	18909.8	NA	19281.7	15553.3
TIHIQHDVMNPRPYSR	NA	19473.6	NA	NA	NA	NA	11532.2
TIIASLHEFNPMMGHR	22687.5	26237.5	NA	101958.12	17260.9	7776.89	10494
TIINSLHEFNPMMGHR	NA	35156.9	54602.9	29802.5	25712.2	3679.45	15837.5
TIITVVGNDTVGIIAK	NA	NA	NA	7836.85	NA	NA	NA
TIIVVSSEMPEILGITNR	NA	89716.5	11848.73	39917.71	28555.06	15817.35	22652.13
TILEALNTDLVCDAINTAMR	10033.6	258766.4	299365.5	105430.5	128135.5	36578.3	111629.1
TIPYFDFVVPTELPGVDPK	21351.2	97633.82	52175.4	72015.15	111581.1	47836.1	85528.69
TIPYFNFVVPTELPGVDPK	10862.9	5463.92	11922.4	24187.63	NA	47880.8	103452.6
TIVSMNPVMIDGTGMCGGCR	NA	2266.45	2038.67	NA	3570.74	NA	NA
TIVTNGDQTDTIYEGMDK	NA	5123.26	NA	4806	5860.55	6958.15	NA
TKDFVNVVNNLK	NA	NA	NA	13606.6	NA	16367	NA
TKEPGANGEPLYLDVK	NA	82246.6	87942.1	12610.2	57590.7	NA	NA
TKPHCNIGTIGHVDHGK	132033	322665	242848	399176	347406	97132.5	91730.6
TKPHVNIGTIGHVDHGK	363956	4900.7	419763.9	162253.57	6645.97	131283	199733
TLDISAISFHK	19662.3	60225	104633.5	32706.4	87552.5	NA	24198.48
TLDQIYDIFAVR	NA	NA	NA	8292.89	NA	NA	NA
TLECCSGDLADLK	61955.2	127023	60335.1	118419	90225.5	38676.3	46442.5
TLEDHYR	148760	177057	65875.1	44888.1	75673.8	NA	79445.9
TLLEALNTDLVCDAINVAMR	NA	107197.6	94685	120936.3	88456.5	1324.98	73336.9
TLSIIKPDAVAK	NA	NA	NA	NA	9976.4	3577.18	3008.49
TLTFESWLTPDAVGR	20138.2	102302	1416600	28992.9	92049.1	NA	31002.6
TMFAFENWHSALEMK	NA	32778.44	16868.1	42983.25	35358.07	2127.1	24927.01
TMGSGTLDVFATPALVALAEK	NA	3473.89	6625.31	3778.99	6922.27	NA	3818.48
TMHTELDLVEGMQFDR	9350.79	7507.2	NA	19573.33	5102.49	2115.49	3430.08
TMKTELDLVEGMQFDR	13455.2	7746.26	7209.32	6213.94	6729.31	3365.05	6154.53
TNDVAGDGTTTATLLAQAIIR	49689.3	37042	5387.91	119818	14489.32	4847.32	24830.4
TNHSIQDAAALAIYSPAGIVVHTGDFK	NA	13214.9	12704.5	9374.63	11356	NA	NA
TNNVDAAAYLGTVIAK	26914.2	8853.23	NA	21173.5	4051.26	44946.2	18951.8
TNQSMTIDLRPICNK	NA	13024.5	NA	NA	NA	NA	NA
TNTFQAVFR	45616.3	53857.3	21612.9	75669.2	58583.9	45946.4	35308.8
TNTINVYDILK	45090.3	24517.4	5593.36	104537	100534	8098.49	50375.1
TPCLLTALQELAEPR	NA	NA	NA	NA	NA	NA	4661.85
TPDEVIYDMR	NA	NA	NA	24353	NA	NA	NA
TPLIISGQSGK	74412.5	104539	68828	77450.7	92188.4	29399.6	53752.8
TPLVEMDGDEMTR	NA	4449.54	3601.67	NA	NA	NA	NA
TPMHISEMEEK	NA	9358.77	NA	7114.05	9489.63	5709.4	NA
TPMHISEMEQK	12810.39	25691.11	6018.48	60012.96	36283.446	13817.88	9042.92
TPPAAVLLK	384353	247284	132883	724086	460230	268781	328137
TPPELAADISDR	NA	18566.7	NA	11797.9	NA	NA	21671.5
TPSSFLGSCR	43070.1	28061.8	17673.5	43732.8	50166.9	NA	37250.5
TQDAIVSYGER	36507.7	95301.9	114528	30424.3	78138.9	NA	22126.8
TQELLYFIR	22231.4	37914	31364.9	42416.1	53837.2	NA	34687.9
TQYSLTDDQTK	208933	226164	69340	551894	287171	337516	180624
TSGESDQVYVNSEFAGGR	18844.9	15242.3	NA	NA	NA	NA	NA
TSPFAFTGNK	736502	264322	276341	347641	193917	243743	542884
TSTTTEIEFNDEHSPAVK	NA	NA	NA	46334.7	NA	NA	8107.55
TSVVTGVEMFRK	NA	6917.26	NA	NA	6258.43	NA	NA
TTFFDPINSLVSGDK	NA	NA	NA	NA	NA	4468.83	NA
TTPANANDNDFRK	49873.8	74318.9	NA	NA	NA	NA	62476.1
TVAAADCLVPGIGEIIGGSQR	19688.1	17821.3	18794.5	NA	24472.8	NA	13691
TVAAMDVLAPGIGEIIGGSQR	4665.38	NA	26853.5	28882.9	27044.2	NA	25031
TVAAVDCLVPGIGEIIGGSQR	20921	27617.45	48121.21	17156.9	30592.2	14050.89	19065.6
TVDEFDVDDFKDSSLAK	NA	3504.37	NA	13190.61	NA	NA	9981.19
TVGEQLSNQFAIGLAR	NA	25201.5	NA	NA	9560.15	NA	3972.47
TVGLIENGSWAPLAAK	NA	NA	NA	29462.6	8746.83	4451.64	NA
TVITQTDSAAQDVLEGDQK	8827.83	11004.2	13962.6	NA	21191.7	NA	9021.7
TVLIQELIR	118740	157862	49071	68448.5	130594	91069.8	133779
TVTGEDVSQENLGGASVHSTK	19658	NA	NA	NA	NA	NA	6251.36
TVVTGIEMFR	517892	948702	2479450	536481	1057990	457269	928600
TVVTGIEMFRK	25133.8	23574.6	56506.9	16281.8	30748.8	12161.1	26589.2
TVVVTGVEMFKK	NA	NA	8061.79	NA	NA	NA	NA
TVVWNGPMGVFENPILAK	NA	6000.2	NA	7659.76	9625.99	6881.36	8813.39
TVVWNGPMGVFENPTLAAGTIAVAK	6902.69	81671.1	66734	67975.3	61475.7	1584.19	36414.7
TWDDLTKEEYK	NA	10276.1	NA	NA	NA	6174.55	7461.36
TWVLDPVAAGIGK	NA	NA	15614.4	NA	NA	NA	9844.17
TYSPEDLVEGK	30991.8	271687	NA	NA	128784	NA	15760.4
TYYFNANGQMLSK	NA	19013.6	NA	NA	NA	NA	19799.5
VAATEFDGYDNDVIEGAK	NA	4887.64	NA	NA	NA	NA	NA
VADKLNVISNLLEK	180680.1	310245	277357	346953	272248	16730.68	176701.5
VADYIVTGQWAK	50828.1	20976.8	NA	68772.9	38100.2	51955.5	37744.7
VAEKGDYETLK	9375.78	NA	NA	4569.82	NA	4844.79	7930.14
VAGNTATDFENIDK	12385.8	9537.43	NA	NA	NA	13915.7	NA
VAGNTATDFENIDKAPEER	127798	145455.36	36578.2	53358.64	44762.2	316213.02	78510
VAIDDKQYSPQQISAMILQK	NA	19985.9	NA	17663.7	NA	NA	6839.9
VALMATHTK	NA	NA	NA	12404.6	19717	NA	NA
VALTGLTMAEYFR	16049.3	NA	9336.15	NA	NA	NA	10705
VALYGIDFLIEK	NA	14947.7	5429.79	NA	NA	6353.46	10088.3
VASIVAPTSSNAAYTPNYK	34765.4	NA	NA	140363	292539	1211.29	17968.8
VAVIGAGPSGLTVAGDLAK	10323.2	19456.6	8416.73	17181	6540.45	NA	9015.72
VAVIGSGPSGLTCAGDLAK	65571.3	120696	27761.1	154702	87211.7	48044	44185.4
VCDILENHYHDMQDMEFTVENKK	NA	7162.29	8484.4	NA	NA	NA	NA
VCGILLEQGYQIPGAK	20754	15072.8	20174.5	26063.5	22392.4	NA	14642.7
VDCEFGATAGK	161475	123516	538630	91327.1	164804	18358.9	118994
VDDALHATR	15942.3	NA	39814.5	NA	NA	NA	20000.3
VDFENIDKAPEER	95956.6	65418.3	24127.2	35850.21	73505.1	38439.65	61002.8
VDGATSTNADNAIETIK	NA	NA	15322	NA	NA	299232	5816.11
VDGMEAHGNSQIVR	NA	NA	NA	NA	17050.5	NA	NA
VDMAFPCATQNEIGEEEAK	7336.7	7449.06	NA	14571.49	NA	NA	16260.96
VEAENGATAGKFDLAK	5526.94	6849.19	NA	NA	NA	5342.94	11849.3
VEFFGDEVER	NA	17189.6	NA	17048.6	14847.9	NA	NA
VEGCGICGTDAHEFK	NA	8262.32	NA	NA	NA	7027.25	NA
VEGCGVCGTDAHEFK	1611.96	15583.86	NA	24604.5	23308.17	8574.61	14541.16
VEGNAAVDFENIDK	20112.4	NA	NA	12574.9	19544	23001.3	13491.4
VEGNAAVDFENIDKAPEER	198945.84	108586.17	11272.2	232567.2	413055.03	281070.23	217068.5
VELYDGSYHEVDSSEMAFK	26006	17082.2	NA	25286.2	NA	NA	2686
VESVDEVEIIR	313862	338010	82315.6	653191	440679	375860	317672
VFAVEYLPGQFDQR	NA	26045.2	NA	32171.8	27820.3	19522.5	22429.2
VFESQVYVLTK	90945	76246.4	59279.3	105235	107986	NA	109296
VFIPVFPGTNCEYDSTK	NA	5797.75	3273.86	5235.28	5281.17	NA	5002.97
VFIPVFPGTNCEYDSTR	26085.3	34821.6	18765.8	66825.8	33725.1	11944.4	12762.6
VFLMDEPLSNLDAKLR	NA	2780.23	NA	3586.96	3680.33	NA	NA
VFMLKPADGIEGVK	NA	NA	22755.91	NA	8895.49	NA	5738.8
VFNFCIQDSPR	134817	284051	31943.5	219838	43306.5	134524	203242
VFNIYAWNEEFK	NA	NA	17010.9	NA	4790.27	NA	7265.4
VFVEDGEGIR	NA	NA	38848.7	26384.6	NA	NA	24039.6
VGAATEVEMK	280650.9	254543.2	159898.6	291142.8	226865	NA	182018.2
VGAATEVEMKDK	5606.75	24211.9	14658.19	18079.36	13915.28	NA	11185.34
VGAAVGAGAGNEER	11196.8	NA	26062.3	NA	NA	NA	NA
VGEECSETIIAAK	6245.15	NA	NA	8735.94	NA	NA	NA
VGGATFQVPTEIRPDRK	35209.2	472569	322967	11506.3	215242	NA	6056.97
VGHIGLYR	41589.8	86109.5	23819.9	61275.8	NA	NA	19269.1
VGHVATGDDQNFGNK	110189.9	NA	NA	NA	NA	667.623	101917.2
VGIGGGSICITR	50947.8	81699.2	80846.1	69363.1	83777.8	30638.4	51528.9
VGIGPGSICTTR	902547	1397020	949214	677152	700794	396245	670827
VGIVGATGMVGQR	32333.4	NA	NA	16672.5	NA	NA	23423.1
VGLDYVSCSPFR	89401	84090.1	33878	708357	245493	75071.6	88124.9
VGLTGLTMAEYFR	NA	13232.7	10920.4	9416.8	10793.7	NA	7403.15
VGLYYAETGASMRPSK	2962.49	80720.1	84723.3	21801.21	93566.3	NA	18259.18
VGNLAFLDVTGR	NA	NA	123523	NA	NA	NA	NA
VGQVISGEVYQVWK	20331.1	64442.5	124955	NA	61499.1	NA	NA
VGSFDAGFGSSYLAR	NA	56299	54544.1	NA	NA	NA	NA
VGVDEYYSEVLPEDK	NA	NA	NA	14670.4	NA	NA	NA
VGVVGATGMVGQR	37831.6	70487.5	NA	33247.2	22776.8	NA	23844.2
VIDFTDVFVR	NA	20861.9	12221.1	39059.3	21073.8	3774.27	14915.7
VIGQDEAVTK	36066.7	NA	36951	NA	63536.3	NA	33445.1
VIGVGGGGGNAVNR	173212	266353	126493	121418	131543	12188.7	79126.8
VIIAMGSVTEAAR	88256	174852	38882.3	51216.9	39631.4	150204	127778
VINDNFGVVEGLMTTVHSTTATQK	NA	116395	202254	NA	99342.9	1839.63	23382.3
VINIHTIKPIDEEIILK	NA	NA	NA	NA	6464.28	NA	NA
VIPVTVIEAGPCTVVQK	19521.9	12013.4	11457.3	NA	12923.3	NA	11774
VITTNLTYQTPELLSR	NA	NA	NA	NA	NA	5817.52	NA
VIVEAVEEIKPEVLLFGASNIGR	NA	55215.4	49496.6	16499.7	53824.7	NA	11380.2
VIVEGINMITK	23494.5	NA	NA	NA	NA	47646.6	26275.1
VIVNEIVPPEAGYINTIISK	11126.8	9201.5	8975.21	NA	13821.8	4090.36	9531.44
VKAETASVMAEETR	3956.33	NA	NA	NA	NA	NA	NA
VLCEMGHSDR	2237.35	6495.89	NA	11841.2	NA	3150.17	3228.51
VLDGAVAVFDAVAGVQPQSETVWR	NA	22039.9	21836.3	5208.3	21198.2	NA	7610.08
VLDGAVGVFCAK	66334.9	88516.8	92677.1	113903	63725.9	37288.9	55001.5
VLDGSVTVLCAK	72358	33357.7	NA	59728.8	NA	NA	20971.6
VLDIAHLLDR	NA	8661.35	NA	NA	NA	5573.43	NA
VLFDLVPGHTSEEHPWFK	NA	NA	22714.1	NA	NA	NA	NA
VLFSADGFGK	74035.3	55751.2	49005.6	131504	84843.6	30539.9	53717.7
VLLIDDFLANGK	NA	18824	NA	12993	NA	2259.78	5625.19
VLLSAAIDGVSK	NA	NA	NA	20031.6	NA	NA	NA
VLMSGPYGDFHPIFDSK	9377.26	78850.7	NA	26633	21494.4	13977.7	21350.54
VLNIYCWNEEFK	45030.5	280342	40551.9	321745	144911	7143.33	101072
VLPMDIMPEYLIK	11268.7	12307	NA	64292.3	NA	41653.7	18507.7
VLPYQQDDFKGLFEALEGNPVTIR	NA	11353	6292.48	49600.1	6679.32	1438.7	2813.05
VLTIGENIQIR	NA	114300	NA	247768	NA	18573.1	44244.9
VLTKQDIIEIIK	NA	1396.35	NA	NA	NA	847.796	NA
VLVCSGTGCIASGAQK	12279.2	42888.1	12714.2	68755.2	29624.4	7318.08	10442.1
VLYDFFTTGTYDR	NA	12642.3	NA	NA	NA	NA	NA
VMAEAETHELTQR	NA	3522.6	2052.51	1674.56	4998.25	NA	NA
VMAWADKYR	32339.9	146505	NA	NA	44091	NA	25290.8
VMDYNTSDTAVK	11300.4	NA	NA	NA	NA	NA	4970.57
VMGGGFGGCTINLVK	19185.5	NA	NA	NA	NA	2231.22	NA
VMVEAPDHDTCQK	NA	1981.32	2250.69	NA	1778.71	NA	NA
VNCYGADDVR	209163	977982	1774120	139183	877040	154221	158336
VNLCGGGFTGQSQALR	37641.8	119769	12118.8	17338.1	77170.7	7132.5	14481.7
VNPPLRTDEDAEAIR	48169.9	NA	48604.8	NA	112864	NA	44239.2
VNQIGSLTETLNAIEMAHR	NA	NA	260867	NA	NA	5859.58	15628.4
VNVGFHWFDDKHATSYNNR	NA	16103.1	8425.17	6633.91	10574.1	NA	NA
VNVNGGAIALGHPVGASGCR	9567.77	16543.8	44726.6	13589.6	16071.6	3183.53	10563.4
VPAAERIDVDETGK	NA	5931.15	NA	6838.43	NA	NA	NA
VPFLDKEVFK	24431.5	27560.6	NA	44172.7	NA	NA	6742.93
VPGLVVSSTADPNGSPTITLR	NA	NA	5289.9	NA	NA	NA	3952.64
VPMNDDVPATFDDGSTTK	NA	NA	NA	NA	14967.02	NA	NA
VPSLATAGSIAVENGKPHTVAR	3290.01	NA	NA	12992.6	4759.22	NA	8188.49
VPTPTGSLTNLYAVVDK	25958.8	56546.9	45284.2	16677.3	114197	NA	30085.4
VPVLNGHTAAVFVK	NA	10181.1	30274.96	31359.1	13684.6	14347.8	18065.47
VQAADTNGTTVETTYTPK	NA	NA	NA	NA	4796.88	NA	NA
VQFNNAIGPYK	445378	391555	74629.1	401878	394903	42879.3	383376
VQFNSAIGPYK	684008	534885	233098	788383	386052	311633	460691
VQQIINSAYK	29582.4	20542.7	NA	18381.8	NA	27954.5	34411.2
VQVPHYNYVGDSVLGFK	NA	10068.1	NA	23846.5	10132.7	5086.1	NA
VRPEQGLLAMR	NA	27130	35887.6	NA	16330.8	NA	NA
VRPLGEIDEDAK	NA	5240.81	NA	NA	NA	NA	3998.31
VSDKLNVINNLLEK	NA	NA	4628.14	NA	NA	NA	NA
VSGYAVNFVK	36726.3	NA	55101.8	29533.5	51351.8	18912.4	33863.3
VSKDGVITVEESK	NA	NA	NA	8262.73	NA	NA	NA
VSLENLFDTLK	NA	NA	NA	NA	10288.6	NA	NA
VSYPIYHIK	134696	956389	2474450	48257.5	194687	NA	76260.5
VTDAGLLDAWNGLTPQDALNK	62357.8	NA	143635	22922.8	62015	3651.35	18753.1
VTEAVITVPAYFNDAQR	401418	609795	831997	537623	739836	230192	493284
VTEDQILGKPGDGFTQLLGTTAYGK	10692.2	NA	NA	46262.3	39853.7	12667.9	12473.3
VTFQMNDTHPTVAVAELMR	NA	16281.3	NA	21693.4	8576.82	2986.56	3806.48
VTGVPMVDLATR	52466.5	44785.3	NA	44494.8	NA	NA	NA
VTLNGKEYTPQQVSAMILQK	NA	18342.4	15030.8	19537.9	27994.9	NA	17317.9
VTMSGPYGDFHPIFDSKK	NA	6242.5	NA	NA	NA	NA	NA
VTNDGVITIEESK	237071	212445	167102	94930.9	155146	41549.2	117469
VTQAVITVPAYFNDGQR	NA	NA	18910.5	NA	NA	9502.6	NA
VTQWMIDEFKK	8234.11	10240.5	91026.4	6186.77	42033.4	NA	28224.1
VTTHNLQVLK	16042.2	127726	11478.7	32682.1	9572.48	37699.8	16974.4
VTVQNLQVIK	15860.1	64574.7	32616.9	36890.6	27088.9	128042	13955.5
VVAGIGVPQVTAVMNCYSVAK	NA	NA	NA	NA	NA	NA	2390.94
VVALAESTDNADVK	7812.44	NA	7372.08	10701.3	31042.8	18925.7	7603.6
VVCEVASHLVK	6026.06	219844	NA	35627.1	NA	35185.6	9929.41
VVFAEGIHPTMLK	NA	NA	NA	NA	NA	5011.73	5116.17
VVISAPAGNDLPTIVYNVNHETLTK	12936.2	36800.3	5346.02	NA	5962.42	3089.78	6461.55
VVRQEDMPFLADGTPVDIVLNPLGVPSR	NA	5850.92	NA	NA	NA	NA	NA
VVTMGEIMLR	NA	NA	NA	NA	NA	28229.9	30659.9
VVTMSDSDGYIYDPDGIDR	NA	5864.17	NA	NA	NA	5151.73	7223.24
VVTMSDSDGYIYDPDGIDREK	NA	4008.92	2030.64	NA	NA	2477.57	5313.86
VVVSQLHR	71292.3	393437	264296	13891.5	211727	4421.5	31727.7
VVVTGIEMFR	278005	86184.1	NA	167368	23828.4	20313.4	59202.3
VYCPTGAISIR	NA	NA	NA	23354.1	NA	NA	NA
VYGPDDGDMCDWK	NA	NA	1683.91	NA	6531.69	5221.69	NA
VYLFDDMRPTPEMSFAIR	NA	NA	NA	NA	NA	2821.09	3103.12
VYSGTVTAGSTVYNSVK	52866	NA	NA	56045.4	NA	2221.99	10929.4
VYTTEVVVEEQEFAESK	7599.86	8358.31	4093.44	17733.5	7334.92	4825.97	NA
VYVHAFLDGR	NA	35196.8	65670.1	NA	65798.1	NA	NA
VYVHCFLDGR	15440.3	43492.1	13220.1	48484	33977.7	20314.1	15306.6
WFGVTYAADR	NA	120108	208973	49890.7	89778.5	NA	43099.1
WLYSDHDIFFR	NA	NA	NA	NA	4260.85	4344.96	NA
WNNPDAGFSFTFTK	NA	NA	NA	NA	NA	NA	12392.9
WNPAMAPYIFMER	NA	32414	26387.3	NA	16544.1	NA	NA
WQLGTIQVDYNLPQR	NA	NA	NA	NA	15079.8	NA	NA
WTGNALTEAFDKNGNVLK	NA	NA	NA	NA	NA	NA	21906.4
WVILGHSER	NA	NA	18487.6	NA	NA	NA	28272
WVYMFTEGNANMR	NA	12836.9	6339.8	31003.6	NA	NA	NA
WYVVDATGYTLGR	NA	45889	18746.3	51290.1	48783	48709.3	41013.3
WYVVHTYSGYENK	NA	9128.21	3629.6	7802.17	4102.08	NA	2282.36
YADALDEENKAGFTVGEEIK	19669.2	NA	NA	5681.71	NA	NA	15429
YADIHLSHMAQMVR	NA	19128.1	NA	NA	NA	NA	20321.26
YADILLLK	NA	NA	NA	11429.3	6202.41	8449.93	11039.2
YAFEEAEHAAK	481664	217903.4	27418.4	432062.2	11034.1	145200.4	165343.7
YAFEEAEHASK	332869.1	391614.1	273181.8	332590.2	452130.1	NA	280365.7
YAIDPTKLETELGWKPK	NA	36591.12	NA	13971	NA	15145.87	15744.12
YALADTVSATDDSIIVDGK	NA	6898.44	NA	20290.8	NA	NA	NA
YANIGDVIVASVK	NA	5750.92	NA	45436	NA	27879.8	5894.26
YASSIIKK	NA	5735.28	NA	19946.7	12148.5	4444.81	4298.17
YAVGQFNINNLEWTK	42775.4	50944.9	16640.8	53549.7	36462.8	9277.7	45408.8
YCFAEEGEYHGR	12237.33	14925.48	16081.2	13954.14	18281.53	8872.34	11469.01
YCQSLGIIAGK	29473.9	81085.2	37277.4	37435.7	16383.6	91322.8	48358.9
YDEAPNNAAVDDELAALK	NA	NA	NA	12379.3	NA	NA	NA
YDGSSNFGPDNR	18756.6	NA	NA	35722.1	16773.2	NA	10637.1
YDSSQGKYALADTVSATDDSIIVDGK	NA	NA	NA	2207.56	4949.2	3892.88	1837.57
YDSTETDKGYTSVGTTSK	5700.37	NA	NA	19630.019	6737.33	NA	14518.5
YDSTQGNYSR	10088.1	NA	96424.7	NA	NA	NA	22254.7
YDVENISDDVFEK	NA	22167.4	NA	43675.5	20673.1	12022	NA
YDVENISDEVFDK	NA	20200.5	NA	39043.1	NA	7767.11	NA
YDVLVFGMPQK	NA	NA	NA	18868.3	18315.9	8163.98	NA
YEDLPENCRK	NA	9037.19	NA	10895.1	NA	NA	NA
YEDYLLGTSFARPCIAK	3295.58	9622.26	12899.9	10249.36	15906.24	NA	2160.38
YFEELIDEMK	23551.4	20655.3	NA	NA	NA	NA	12870.1
YFSVASGGGTGR	2236650	976880	687114	1968590	2117880	663048	1857380
YGAHIFHTNNK	NA	19810.46	13036.97	21565.15	21742.63	NA	13669.59
YGAHIFHTSNK	NA	NA	4936.86	NA	9898.73	NA	NA
YGAPPHAGLAFGLDR	7656.88	63923.4	164970	7903.69	56786.3	NA	4923.17
YGFHGTSHSFVSK	56269.58	109814.7	54386.85	142276.2	133513.3	34308.91	63637.66
YGHVTYFWNGNR	NA	20076.8	NA	NA	NA	NA	NA
YGIIYGGVQK	40549.9	31485.1	17121.3	98492.2	46062.5	32094.4	28066.6
YGLGFDLIK	19956.3	NA	9416.96	29675.1	NA	NA	41833.4
YGLPHISTGDIFR	14598.9	47079.8	93241.9	43093	NA	10419.2	17383.1
YGNEAAEETSILYGGSCK	13628.3	98310.6	44313.4	24899.5	72521.5	NA	14952.3
YGSDKPDLR	21592.5	25139.1	33294	NA	18642.1	9900.08	17580.7
YGSLFDATQTMVAK	659392	474264	544178.8	147358.1	473757.3	NA	320802.6
YGSLFDATQTMVSK	87369.5	118054	NA	40960.6	39093.13	NA	27724.68
YIGSDEIWEESQNAIR	12111.3	35981.7	30949.3	7860.44	14836	NA	NA
YISGNVLTGK	101823	123403	NA	65632.3	NA	82522	122858
YKGILEVTGGR	NA	50030	NA	73185.5	32820.3	16909.6	NA
YKPTFTPHVDCGDNVIIINAAK	25479.8	701856	407316	73562.3	358522	1475.12	21063.3
YLDPTDTEHMVEK	NA	NA	NA	NA	NA	NA	3332.7
YLDQVSDAHLSDDTK	NA	7211.01	9883.72	3197.35	10316.4	NA	NA
YLEGEEITIDELK	NA	NA	12002.8	NA	NA	NA	NA
YLEGEEITR	254777	208268	224674	362208	346660	NA	173567
YLEGEEITREELK	47658.41	25778.21	22195.26	66062.3	54352.8	NA	40878.6
YLELAQGYVTR	80716.6	273516	175307	48119.6	431203	NA	182692
YLMGVGTPQNILEAIER	NA	14313.3	27258.4	7589.43	10925.5	NA	6530.37
YLQAYEMLTGK	NA	NA	NA	32320.9	NA	NA	NA
YLVGAGINTR	42796.2	120050	34745.8	68329	NA	55589.1	NA
YLVGTMIEIPR	NA	NA	NA	NA	NA	NA	19145.6
YMETPNLDR	NA	45207.3	NA	NA	NA	NA	NA
YMHGAGTSPSADVFAYAAAQIK	NA	11967.5	7470.31	NA	NA	NA	12978.8
YMHHYNFPSYSVGEARPSR	NA	7476.05	NA	NA	NA	4120.29	NA
YMHHYNFPSYSVGETRPSR	NA	NA	NA	NA	5424.32	NA	NA
YNADLAQGIEEK	NA	NA	32153	NA	NA	NA	32571.5
YNQYESMILPMVK	NA	11437.6	6851.38	9545.09	NA	NA	6933.81
YNVVATAYAQYTK	39059.2	NA	NA	92688.6	186712	NA	37684.1
YPHHGAVAFGHYGK	NA	37588.7	16712.3	32368.4	19928	NA	19438.8
YQGGFIWDYIDQSIYK	NA	4689.99	NA	4637.25	3933.15	NA	4035.15
YQIPHISTGDIFR	12004.8	67628.1	15106.2	161491.1	53669.3	13798.5	23084.1
YQVAYCPSLVR	22739.4	13846	NA	10911.1	13263.6	NA	11767.8
YQYFNTSWADQLYR	NA	128326	NA	NA	22411.1	NA	13308.8
YSGSSSLTLAEGDEVGR	NA	NA	NA	21747.9	NA	NA	14795.8
YSHWNAVESLGDWLK	NA	4517.97	NA	NA	NA	2744.16	3266.95
YSIPHISTGDIFR	12000.4	28319.9	243438	26502.9	69577.3	10641.9	15511.2
YSMDYDKDIDK	9770	NA	NA	NA	NA	NA	9078.9
YSPQEISAMILQK	164409.17	281770.7	73958.89	475555.8	336513.1	196721.55	232706.75
YVAENLVFLAK	NA	8631.25	NA	NA	NA	NA	NA
YVFHQDIFR	NA	29433.6	54636.3	NA	17343	NA	NA
YVTVVEIMGR	NA	25686.1	NA	NA	54083.4	NA	32657.6
YYIEVANMPTTNDALNFLR	NA	9040.01	7023.26	2945.54	3742.55	NA	2274.96
YYNSVEDGAR	63916.5	NA	NA	9629.06	NA	55329.4	57383.3
